policy_id,is_claim
ID50001,1
ID50002,1
ID50003,1
ID50004,1
ID50005,1
ID50006,1
ID50007,1
ID50008,1
ID50009,1
ID50010,1
ID50011,1
ID50012,1
ID50013,1
ID50014,1
ID50015,1
ID50016,1
ID50017,1
ID50018,1
ID50019,1
ID50020,1
ID50021,1
ID50022,1
ID50023,1
ID50024,1
ID50025,1
ID50026,1
ID50027,1
ID50028,1
ID50029,1
ID50030,1
ID50031,1
ID50032,1
ID50033,1
ID50034,1
ID50035,1
ID50036,1
ID50037,1
ID50038,1
ID50039,1
ID50040,1
ID50041,1
ID50042,1
ID50043,1
ID50044,1
ID50045,1
ID50046,1
ID50047,1
ID50048,1
ID50049,1
ID50050,1
ID50051,1
ID50052,1
ID50053,1
ID50054,1
ID50055,1
ID50056,1
ID50057,1
ID50058,1
ID50059,1
ID50060,1
ID50061,1
ID50062,1
ID50063,1
ID50064,1
ID50065,1
ID50066,1
ID50067,1
ID50068,1
ID50069,1
ID50070,1
ID50071,1
ID50072,1
ID50073,1
ID50074,1
ID50075,1
ID50076,1
ID50077,1
ID50078,1
ID50079,1
ID50080,1
ID50081,1
ID50082,1
ID50083,1
ID50084,1
ID50085,1
ID50086,1
ID50087,1
ID50088,1
ID50089,1
ID50090,1
ID50091,1
ID50092,1
ID50093,1
ID50094,1
ID50095,1
ID50096,1
ID50097,1
ID50098,1
ID50099,1
ID50100,1
ID50101,1
ID50102,1
ID50103,1
ID50104,1
ID50105,1
ID50106,1
ID50107,1
ID50108,1
ID50109,1
ID50110,1
ID50111,1
ID50112,1
ID50113,1
ID50114,1
ID50115,1
ID50116,1
ID50117,1
ID50118,1
ID50119,1
ID50120,1
ID50121,1
ID50122,1
ID50123,1
ID50124,1
ID50125,1
ID50126,1
ID50127,1
ID50128,1
ID50129,1
ID50130,1
ID50131,1
ID50132,1
ID50133,1
ID50134,1
ID50135,1
ID50136,1
ID50137,1
ID50138,1
ID50139,1
ID50140,1
ID50141,1
ID50142,1
ID50143,1
ID50144,1
ID50145,1
ID50146,1
ID50147,1
ID50148,1
ID50149,1
ID50150,1
ID50151,1
ID50152,1
ID50153,1
ID50154,1
ID50155,1
ID50156,1
ID50157,1
ID50158,1
ID50159,1
ID50160,1
ID50161,1
ID50162,1
ID50163,1
ID50164,1
ID50165,1
ID50166,1
ID50167,1
ID50168,1
ID50169,1
ID50170,1
ID50171,1
ID50172,1
ID50173,1
ID50174,1
ID50175,1
ID50176,1
ID50177,1
ID50178,1
ID50179,1
ID50180,1
ID50181,1
ID50182,1
ID50183,1
ID50184,1
ID50185,1
ID50186,1
ID50187,1
ID50188,1
ID50189,1
ID50190,1
ID50191,1
ID50192,1
ID50193,1
ID50194,1
ID50195,1
ID50196,1
ID50197,1
ID50198,1
ID50199,1
ID50200,1
ID50201,1
ID50202,1
ID50203,1
ID50204,1
ID50205,1
ID50206,1
ID50207,1
ID50208,1
ID50209,1
ID50210,1
ID50211,1
ID50212,1
ID50213,1
ID50214,1
ID50215,1
ID50216,1
ID50217,1
ID50218,1
ID50219,1
ID50220,1
ID50221,1
ID50222,1
ID50223,1
ID50224,1
ID50225,1
ID50226,1
ID50227,1
ID50228,1
ID50229,1
ID50230,1
ID50231,1
ID50232,1
ID50233,1
ID50234,1
ID50235,1
ID50236,1
ID50237,1
ID50238,1
ID50239,1
ID50240,1
ID50241,1
ID50242,1
ID50243,1
ID50244,1
ID50245,1
ID50246,1
ID50247,1
ID50248,1
ID50249,1
ID50250,1
ID50251,1
ID50252,1
ID50253,1
ID50254,1
ID50255,1
ID50256,1
ID50257,1
ID50258,1
ID50259,1
ID50260,1
ID50261,1
ID50262,1
ID50263,1
ID50264,1
ID50265,1
ID50266,1
ID50267,1
ID50268,1
ID50269,1
ID50270,1
ID50271,1
ID50272,1
ID50273,1
ID50274,1
ID50275,1
ID50276,1
ID50277,1
ID50278,1
ID50279,1
ID50280,1
ID50281,1
ID50282,1
ID50283,1
ID50284,1
ID50285,1
ID50286,1
ID50287,1
ID50288,1
ID50289,1
ID50290,1
ID50291,1
ID50292,1
ID50293,1
ID50294,1
ID50295,1
ID50296,1
ID50297,1
ID50298,1
ID50299,1
ID50300,1
ID50301,1
ID50302,1
ID50303,1
ID50304,1
ID50305,1
ID50306,1
ID50307,1
ID50308,1
ID50309,1
ID50310,1
ID50311,1
ID50312,1
ID50313,1
ID50314,1
ID50315,1
ID50316,1
ID50317,1
ID50318,1
ID50319,1
ID50320,1
ID50321,1
ID50322,1
ID50323,1
ID50324,1
ID50325,1
ID50326,1
ID50327,1
ID50328,1
ID50329,1
ID50330,1
ID50331,1
ID50332,1
ID50333,1
ID50334,1
ID50335,1
ID50336,1
ID50337,1
ID50338,1
ID50339,1
ID50340,1
ID50341,1
ID50342,1
ID50343,1
ID50344,1
ID50345,1
ID50346,1
ID50347,1
ID50348,1
ID50349,1
ID50350,1
ID50351,1
ID50352,1
ID50353,1
ID50354,1
ID50355,1
ID50356,1
ID50357,1
ID50358,1
ID50359,1
ID50360,1
ID50361,1
ID50362,1
ID50363,1
ID50364,1
ID50365,1
ID50366,1
ID50367,1
ID50368,1
ID50369,1
ID50370,1
ID50371,1
ID50372,1
ID50373,1
ID50374,1
ID50375,1
ID50376,1
ID50377,1
ID50378,1
ID50379,1
ID50380,1
ID50381,1
ID50382,1
ID50383,1
ID50384,1
ID50385,1
ID50386,1
ID50387,1
ID50388,1
ID50389,1
ID50390,1
ID50391,1
ID50392,1
ID50393,1
ID50394,1
ID50395,1
ID50396,1
ID50397,1
ID50398,1
ID50399,1
ID50400,1
ID50401,1
ID50402,1
ID50403,1
ID50404,1
ID50405,1
ID50406,1
ID50407,1
ID50408,1
ID50409,1
ID50410,1
ID50411,1
ID50412,1
ID50413,1
ID50414,1
ID50415,1
ID50416,1
ID50417,1
ID50418,1
ID50419,1
ID50420,1
ID50421,1
ID50422,1
ID50423,1
ID50424,1
ID50425,1
ID50426,1
ID50427,1
ID50428,1
ID50429,1
ID50430,1
ID50431,1
ID50432,1
ID50433,1
ID50434,1
ID50435,1
ID50436,1
ID50437,1
ID50438,1
ID50439,1
ID50440,1
ID50441,1
ID50442,1
ID50443,1
ID50444,1
ID50445,1
ID50446,1
ID50447,1
ID50448,1
ID50449,1
ID50450,1
ID50451,1
ID50452,1
ID50453,1
ID50454,1
ID50455,1
ID50456,1
ID50457,1
ID50458,1
ID50459,1
ID50460,1
ID50461,1
ID50462,1
ID50463,1
ID50464,1
ID50465,1
ID50466,1
ID50467,1
ID50468,1
ID50469,1
ID50470,1
ID50471,1
ID50472,1
ID50473,1
ID50474,1
ID50475,1
ID50476,1
ID50477,1
ID50478,1
ID50479,1
ID50480,1
ID50481,1
ID50482,1
ID50483,1
ID50484,1
ID50485,1
ID50486,1
ID50487,1
ID50488,1
ID50489,1
ID50490,1
ID50491,1
ID50492,1
ID50493,1
ID50494,1
ID50495,1
ID50496,1
ID50497,1
ID50498,1
ID50499,1
ID50500,1
ID50501,1
ID50502,1
ID50503,1
ID50504,1
ID50505,1
ID50506,1
ID50507,1
ID50508,1
ID50509,1
ID50510,1
ID50511,1
ID50512,1
ID50513,1
ID50514,1
ID50515,1
ID50516,1
ID50517,1
ID50518,1
ID50519,1
ID50520,1
ID50521,1
ID50522,1
ID50523,1
ID50524,1
ID50525,1
ID50526,1
ID50527,1
ID50528,1
ID50529,1
ID50530,1
ID50531,1
ID50532,1
ID50533,1
ID50534,1
ID50535,1
ID50536,1
ID50537,1
ID50538,1
ID50539,1
ID50540,1
ID50541,1
ID50542,1
ID50543,1
ID50544,1
ID50545,1
ID50546,1
ID50547,1
ID50548,1
ID50549,1
ID50550,1
ID50551,1
ID50552,1
ID50553,1
ID50554,1
ID50555,1
ID50556,1
ID50557,1
ID50558,1
ID50559,1
ID50560,1
ID50561,1
ID50562,1
ID50563,1
ID50564,1
ID50565,1
ID50566,1
ID50567,1
ID50568,1
ID50569,1
ID50570,1
ID50571,1
ID50572,1
ID50573,1
ID50574,1
ID50575,1
ID50576,1
ID50577,1
ID50578,1
ID50579,1
ID50580,1
ID50581,1
ID50582,1
ID50583,1
ID50584,1
ID50585,1
ID50586,1
ID50587,1
ID50588,1
ID50589,1
ID50590,1
ID50591,1
ID50592,1
ID50593,1
ID50594,1
ID50595,1
ID50596,1
ID50597,1
ID50598,1
ID50599,1
ID50600,1
ID50601,1
ID50602,1
ID50603,1
ID50604,1
ID50605,1
ID50606,1
ID50607,1
ID50608,1
ID50609,1
ID50610,1
ID50611,1
ID50612,1
ID50613,1
ID50614,1
ID50615,1
ID50616,1
ID50617,1
ID50618,1
ID50619,1
ID50620,1
ID50621,1
ID50622,1
ID50623,1
ID50624,1
ID50625,1
ID50626,1
ID50627,1
ID50628,1
ID50629,1
ID50630,1
ID50631,1
ID50632,1
ID50633,1
ID50634,1
ID50635,1
ID50636,1
ID50637,1
ID50638,1
ID50639,1
ID50640,1
ID50641,1
ID50642,1
ID50643,1
ID50644,1
ID50645,1
ID50646,1
ID50647,1
ID50648,1
ID50649,1
ID50650,1
ID50651,1
ID50652,1
ID50653,1
ID50654,1
ID50655,1
ID50656,1
ID50657,1
ID50658,1
ID50659,1
ID50660,1
ID50661,1
ID50662,1
ID50663,1
ID50664,1
ID50665,1
ID50666,1
ID50667,1
ID50668,1
ID50669,1
ID50670,1
ID50671,1
ID50672,1
ID50673,1
ID50674,1
ID50675,1
ID50676,1
ID50677,1
ID50678,1
ID50679,1
ID50680,1
ID50681,1
ID50682,1
ID50683,1
ID50684,1
ID50685,1
ID50686,1
ID50687,1
ID50688,1
ID50689,1
ID50690,1
ID50691,1
ID50692,1
ID50693,1
ID50694,1
ID50695,1
ID50696,1
ID50697,1
ID50698,1
ID50699,1
ID50700,1
ID50701,1
ID50702,1
ID50703,1
ID50704,1
ID50705,1
ID50706,1
ID50707,1
ID50708,1
ID50709,1
ID50710,1
ID50711,1
ID50712,1
ID50713,1
ID50714,1
ID50715,1
ID50716,1
ID50717,1
ID50718,1
ID50719,1
ID50720,1
ID50721,1
ID50722,1
ID50723,1
ID50724,1
ID50725,1
ID50726,1
ID50727,1
ID50728,1
ID50729,1
ID50730,1
ID50731,1
ID50732,1
ID50733,1
ID50734,1
ID50735,1
ID50736,1
ID50737,1
ID50738,1
ID50739,1
ID50740,1
ID50741,1
ID50742,1
ID50743,1
ID50744,1
ID50745,1
ID50746,1
ID50747,1
ID50748,1
ID50749,1
ID50750,1
ID50751,1
ID50752,1
ID50753,1
ID50754,1
ID50755,1
ID50756,1
ID50757,1
ID50758,1
ID50759,1
ID50760,1
ID50761,1
ID50762,1
ID50763,1
ID50764,1
ID50765,1
ID50766,1
ID50767,1
ID50768,1
ID50769,1
ID50770,1
ID50771,1
ID50772,1
ID50773,1
ID50774,1
ID50775,1
ID50776,1
ID50777,1
ID50778,1
ID50779,1
ID50780,1
ID50781,1
ID50782,1
ID50783,1
ID50784,1
ID50785,1
ID50786,1
ID50787,1
ID50788,1
ID50789,1
ID50790,1
ID50791,1
ID50792,1
ID50793,1
ID50794,1
ID50795,1
ID50796,1
ID50797,1
ID50798,1
ID50799,1
ID50800,1
ID50801,1
ID50802,1
ID50803,1
ID50804,1
ID50805,1
ID50806,1
ID50807,1
ID50808,1
ID50809,1
ID50810,1
ID50811,1
ID50812,1
ID50813,1
ID50814,1
ID50815,1
ID50816,1
ID50817,1
ID50818,1
ID50819,1
ID50820,1
ID50821,1
ID50822,1
ID50823,1
ID50824,1
ID50825,1
ID50826,1
ID50827,1
ID50828,1
ID50829,1
ID50830,1
ID50831,1
ID50832,1
ID50833,1
ID50834,1
ID50835,1
ID50836,1
ID50837,1
ID50838,1
ID50839,1
ID50840,1
ID50841,1
ID50842,1
ID50843,1
ID50844,1
ID50845,1
ID50846,1
ID50847,1
ID50848,1
ID50849,1
ID50850,1
ID50851,1
ID50852,1
ID50853,1
ID50854,1
ID50855,1
ID50856,1
ID50857,1
ID50858,1
ID50859,1
ID50860,1
ID50861,1
ID50862,1
ID50863,1
ID50864,1
ID50865,1
ID50866,1
ID50867,1
ID50868,1
ID50869,1
ID50870,1
ID50871,1
ID50872,1
ID50873,1
ID50874,1
ID50875,1
ID50876,1
ID50877,1
ID50878,1
ID50879,1
ID50880,1
ID50881,1
ID50882,1
ID50883,1
ID50884,1
ID50885,1
ID50886,1
ID50887,1
ID50888,1
ID50889,1
ID50890,1
ID50891,1
ID50892,1
ID50893,1
ID50894,1
ID50895,1
ID50896,1
ID50897,1
ID50898,1
ID50899,1
ID50900,1
ID50901,1
ID50902,1
ID50903,1
ID50904,1
ID50905,1
ID50906,1
ID50907,1
ID50908,1
ID50909,1
ID50910,1
ID50911,1
ID50912,1
ID50913,1
ID50914,1
ID50915,1
ID50916,1
ID50917,1
ID50918,1
ID50919,1
ID50920,1
ID50921,1
ID50922,1
ID50923,1
ID50924,1
ID50925,1
ID50926,1
ID50927,1
ID50928,1
ID50929,1
ID50930,1
ID50931,1
ID50932,1
ID50933,1
ID50934,1
ID50935,1
ID50936,1
ID50937,1
ID50938,1
ID50939,1
ID50940,1
ID50941,1
ID50942,1
ID50943,1
ID50944,1
ID50945,1
ID50946,1
ID50947,1
ID50948,1
ID50949,1
ID50950,1
ID50951,1
ID50952,1
ID50953,1
ID50954,1
ID50955,1
ID50956,1
ID50957,1
ID50958,1
ID50959,1
ID50960,1
ID50961,1
ID50962,1
ID50963,1
ID50964,1
ID50965,1
ID50966,1
ID50967,1
ID50968,1
ID50969,1
ID50970,1
ID50971,1
ID50972,1
ID50973,1
ID50974,1
ID50975,1
ID50976,1
ID50977,1
ID50978,1
ID50979,1
ID50980,1
ID50981,1
ID50982,1
ID50983,1
ID50984,1
ID50985,1
ID50986,1
ID50987,1
ID50988,1
ID50989,1
ID50990,1
ID50991,1
ID50992,1
ID50993,1
ID50994,1
ID50995,1
ID50996,1
ID50997,1
ID50998,1
ID50999,1
ID51000,1
ID51001,1
ID51002,1
ID51003,1
ID51004,1
ID51005,1
ID51006,1
ID51007,1
ID51008,1
ID51009,1
ID51010,1
ID51011,1
ID51012,1
ID51013,1
ID51014,1
ID51015,1
ID51016,1
ID51017,1
ID51018,1
ID51019,1
ID51020,1
ID51021,1
ID51022,1
ID51023,1
ID51024,1
ID51025,1
ID51026,1
ID51027,1
ID51028,1
ID51029,1
ID51030,1
ID51031,1
ID51032,1
ID51033,1
ID51034,1
ID51035,1
ID51036,1
ID51037,1
ID51038,1
ID51039,1
ID51040,1
ID51041,1
ID51042,1
ID51043,1
ID51044,1
ID51045,1
ID51046,1
ID51047,1
ID51048,1
ID51049,1
ID51050,1
ID51051,1
ID51052,1
ID51053,1
ID51054,1
ID51055,1
ID51056,1
ID51057,1
ID51058,1
ID51059,1
ID51060,1
ID51061,1
ID51062,1
ID51063,1
ID51064,1
ID51065,1
ID51066,1
ID51067,1
ID51068,1
ID51069,1
ID51070,1
ID51071,1
ID51072,1
ID51073,1
ID51074,1
ID51075,1
ID51076,1
ID51077,1
ID51078,1
ID51079,1
ID51080,1
ID51081,1
ID51082,1
ID51083,1
ID51084,1
ID51085,1
ID51086,1
ID51087,1
ID51088,1
ID51089,1
ID51090,1
ID51091,1
ID51092,1
ID51093,1
ID51094,1
ID51095,1
ID51096,1
ID51097,1
ID51098,1
ID51099,1
ID51100,1
ID51101,1
ID51102,1
ID51103,1
ID51104,1
ID51105,1
ID51106,1
ID51107,1
ID51108,1
ID51109,1
ID51110,1
ID51111,1
ID51112,1
ID51113,1
ID51114,1
ID51115,1
ID51116,1
ID51117,1
ID51118,1
ID51119,1
ID51120,1
ID51121,1
ID51122,1
ID51123,1
ID51124,1
ID51125,1
ID51126,1
ID51127,1
ID51128,1
ID51129,1
ID51130,1
ID51131,1
ID51132,1
ID51133,1
ID51134,1
ID51135,1
ID51136,1
ID51137,1
ID51138,1
ID51139,1
ID51140,1
ID51141,1
ID51142,1
ID51143,1
ID51144,1
ID51145,1
ID51146,1
ID51147,1
ID51148,1
ID51149,1
ID51150,1
ID51151,1
ID51152,1
ID51153,1
ID51154,1
ID51155,1
ID51156,1
ID51157,1
ID51158,1
ID51159,1
ID51160,1
ID51161,1
ID51162,1
ID51163,1
ID51164,1
ID51165,1
ID51166,1
ID51167,1
ID51168,1
ID51169,1
ID51170,1
ID51171,1
ID51172,1
ID51173,1
ID51174,1
ID51175,1
ID51176,1
ID51177,1
ID51178,1
ID51179,1
ID51180,1
ID51181,1
ID51182,1
ID51183,1
ID51184,1
ID51185,1
ID51186,1
ID51187,1
ID51188,1
ID51189,1
ID51190,1
ID51191,1
ID51192,1
ID51193,1
ID51194,1
ID51195,1
ID51196,1
ID51197,1
ID51198,1
ID51199,1
ID51200,1
ID51201,1
ID51202,1
ID51203,1
ID51204,1
ID51205,1
ID51206,1
ID51207,1
ID51208,1
ID51209,1
ID51210,1
ID51211,1
ID51212,1
ID51213,1
ID51214,1
ID51215,1
ID51216,1
ID51217,1
ID51218,1
ID51219,1
ID51220,1
ID51221,1
ID51222,1
ID51223,1
ID51224,1
ID51225,1
ID51226,1
ID51227,1
ID51228,1
ID51229,1
ID51230,1
ID51231,1
ID51232,1
ID51233,1
ID51234,1
ID51235,1
ID51236,1
ID51237,1
ID51238,1
ID51239,1
ID51240,1
ID51241,1
ID51242,1
ID51243,1
ID51244,1
ID51245,1
ID51246,1
ID51247,1
ID51248,1
ID51249,1
ID51250,1
ID51251,1
ID51252,1
ID51253,1
ID51254,1
ID51255,1
ID51256,1
ID51257,1
ID51258,1
ID51259,1
ID51260,1
ID51261,1
ID51262,1
ID51263,1
ID51264,1
ID51265,1
ID51266,1
ID51267,1
ID51268,1
ID51269,1
ID51270,1
ID51271,1
ID51272,1
ID51273,1
ID51274,1
ID51275,1
ID51276,1
ID51277,1
ID51278,1
ID51279,1
ID51280,1
ID51281,1
ID51282,1
ID51283,1
ID51284,1
ID51285,1
ID51286,1
ID51287,1
ID51288,1
ID51289,1
ID51290,1
ID51291,1
ID51292,1
ID51293,1
ID51294,1
ID51295,1
ID51296,1
ID51297,1
ID51298,1
ID51299,1
ID51300,1
ID51301,1
ID51302,1
ID51303,1
ID51304,1
ID51305,1
ID51306,1
ID51307,1
ID51308,1
ID51309,1
ID51310,1
ID51311,1
ID51312,1
ID51313,1
ID51314,1
ID51315,1
ID51316,1
ID51317,1
ID51318,1
ID51319,1
ID51320,1
ID51321,1
ID51322,1
ID51323,1
ID51324,1
ID51325,1
ID51326,1
ID51327,1
ID51328,1
ID51329,1
ID51330,1
ID51331,1
ID51332,1
ID51333,1
ID51334,1
ID51335,1
ID51336,1
ID51337,1
ID51338,1
ID51339,1
ID51340,1
ID51341,1
ID51342,1
ID51343,1
ID51344,1
ID51345,1
ID51346,1
ID51347,1
ID51348,1
ID51349,1
ID51350,1
ID51351,1
ID51352,1
ID51353,1
ID51354,1
ID51355,1
ID51356,1
ID51357,1
ID51358,1
ID51359,1
ID51360,1
ID51361,1
ID51362,1
ID51363,1
ID51364,1
ID51365,1
ID51366,1
ID51367,1
ID51368,1
ID51369,1
ID51370,1
ID51371,1
ID51372,1
ID51373,1
ID51374,1
ID51375,1
ID51376,1
ID51377,1
ID51378,1
ID51379,1
ID51380,1
ID51381,1
ID51382,1
ID51383,1
ID51384,1
ID51385,1
ID51386,1
ID51387,1
ID51388,1
ID51389,1
ID51390,1
ID51391,1
ID51392,1
ID51393,1
ID51394,1
ID51395,1
ID51396,1
ID51397,1
ID51398,1
ID51399,1
ID51400,1
ID51401,1
ID51402,1
ID51403,1
ID51404,1
ID51405,1
ID51406,1
ID51407,1
ID51408,1
ID51409,1
ID51410,1
ID51411,1
ID51412,1
ID51413,1
ID51414,1
ID51415,1
ID51416,1
ID51417,1
ID51418,1
ID51419,1
ID51420,1
ID51421,1
ID51422,1
ID51423,1
ID51424,1
ID51425,1
ID51426,1
ID51427,1
ID51428,1
ID51429,1
ID51430,1
ID51431,1
ID51432,1
ID51433,1
ID51434,1
ID51435,1
ID51436,1
ID51437,1
ID51438,1
ID51439,1
ID51440,1
ID51441,1
ID51442,1
ID51443,1
ID51444,1
ID51445,1
ID51446,1
ID51447,1
ID51448,1
ID51449,1
ID51450,1
ID51451,1
ID51452,1
ID51453,1
ID51454,1
ID51455,1
ID51456,1
ID51457,1
ID51458,1
ID51459,1
ID51460,1
ID51461,1
ID51462,1
ID51463,1
ID51464,1
ID51465,1
ID51466,1
ID51467,1
ID51468,1
ID51469,1
ID51470,1
ID51471,1
ID51472,1
ID51473,1
ID51474,1
ID51475,1
ID51476,1
ID51477,1
ID51478,1
ID51479,1
ID51480,1
ID51481,1
ID51482,1
ID51483,1
ID51484,1
ID51485,1
ID51486,1
ID51487,1
ID51488,1
ID51489,1
ID51490,1
ID51491,1
ID51492,1
ID51493,1
ID51494,1
ID51495,1
ID51496,1
ID51497,1
ID51498,1
ID51499,1
ID51500,1
ID51501,1
ID51502,1
ID51503,1
ID51504,1
ID51505,1
ID51506,1
ID51507,1
ID51508,1
ID51509,1
ID51510,1
ID51511,1
ID51512,1
ID51513,1
ID51514,1
ID51515,1
ID51516,1
ID51517,1
ID51518,1
ID51519,1
ID51520,1
ID51521,1
ID51522,1
ID51523,1
ID51524,1
ID51525,1
ID51526,1
ID51527,1
ID51528,1
ID51529,1
ID51530,1
ID51531,1
ID51532,1
ID51533,1
ID51534,1
ID51535,1
ID51536,1
ID51537,1
ID51538,1
ID51539,1
ID51540,1
ID51541,1
ID51542,1
ID51543,1
ID51544,1
ID51545,1
ID51546,1
ID51547,1
ID51548,1
ID51549,1
ID51550,1
ID51551,1
ID51552,1
ID51553,1
ID51554,1
ID51555,1
ID51556,1
ID51557,1
ID51558,1
ID51559,1
ID51560,1
ID51561,1
ID51562,1
ID51563,1
ID51564,1
ID51565,1
ID51566,1
ID51567,1
ID51568,1
ID51569,1
ID51570,1
ID51571,1
ID51572,1
ID51573,1
ID51574,1
ID51575,1
ID51576,1
ID51577,1
ID51578,1
ID51579,1
ID51580,1
ID51581,1
ID51582,1
ID51583,1
ID51584,1
ID51585,1
ID51586,1
ID51587,1
ID51588,1
ID51589,1
ID51590,1
ID51591,1
ID51592,1
ID51593,1
ID51594,1
ID51595,1
ID51596,1
ID51597,1
ID51598,1
ID51599,1
ID51600,1
ID51601,1
ID51602,1
ID51603,1
ID51604,1
ID51605,1
ID51606,1
ID51607,1
ID51608,1
ID51609,1
ID51610,1
ID51611,1
ID51612,1
ID51613,1
ID51614,1
ID51615,1
ID51616,1
ID51617,1
ID51618,1
ID51619,1
ID51620,1
ID51621,1
ID51622,1
ID51623,1
ID51624,1
ID51625,1
ID51626,1
ID51627,1
ID51628,1
ID51629,1
ID51630,1
ID51631,1
ID51632,1
ID51633,1
ID51634,1
ID51635,1
ID51636,1
ID51637,1
ID51638,1
ID51639,1
ID51640,1
ID51641,1
ID51642,1
ID51643,1
ID51644,1
ID51645,1
ID51646,1
ID51647,1
ID51648,1
ID51649,1
ID51650,1
ID51651,1
ID51652,1
ID51653,1
ID51654,1
ID51655,1
ID51656,1
ID51657,1
ID51658,1
ID51659,1
ID51660,1
ID51661,1
ID51662,1
ID51663,1
ID51664,1
ID51665,1
ID51666,1
ID51667,1
ID51668,1
ID51669,1
ID51670,1
ID51671,1
ID51672,1
ID51673,1
ID51674,1
ID51675,1
ID51676,1
ID51677,1
ID51678,1
ID51679,1
ID51680,1
ID51681,1
ID51682,1
ID51683,1
ID51684,1
ID51685,1
ID51686,1
ID51687,1
ID51688,1
ID51689,1
ID51690,1
ID51691,1
ID51692,1
ID51693,1
ID51694,1
ID51695,1
ID51696,1
ID51697,1
ID51698,1
ID51699,1
ID51700,1
ID51701,1
ID51702,1
ID51703,1
ID51704,1
ID51705,1
ID51706,1
ID51707,1
ID51708,1
ID51709,1
ID51710,1
ID51711,1
ID51712,1
ID51713,1
ID51714,1
ID51715,1
ID51716,1
ID51717,1
ID51718,1
ID51719,1
ID51720,1
ID51721,1
ID51722,1
ID51723,1
ID51724,1
ID51725,1
ID51726,1
ID51727,1
ID51728,1
ID51729,1
ID51730,1
ID51731,1
ID51732,1
ID51733,1
ID51734,1
ID51735,1
ID51736,1
ID51737,1
ID51738,1
ID51739,1
ID51740,1
ID51741,1
ID51742,1
ID51743,1
ID51744,1
ID51745,1
ID51746,1
ID51747,1
ID51748,1
ID51749,1
ID51750,1
ID51751,1
ID51752,1
ID51753,1
ID51754,1
ID51755,1
ID51756,1
ID51757,1
ID51758,1
ID51759,1
ID51760,1
ID51761,1
ID51762,1
ID51763,1
ID51764,1
ID51765,1
ID51766,1
ID51767,1
ID51768,1
ID51769,1
ID51770,1
ID51771,1
ID51772,1
ID51773,1
ID51774,1
ID51775,1
ID51776,1
ID51777,1
ID51778,1
ID51779,1
ID51780,1
ID51781,1
ID51782,1
ID51783,1
ID51784,1
ID51785,1
ID51786,1
ID51787,1
ID51788,1
ID51789,1
ID51790,1
ID51791,1
ID51792,1
ID51793,1
ID51794,1
ID51795,1
ID51796,1
ID51797,1
ID51798,1
ID51799,1
ID51800,1
ID51801,1
ID51802,1
ID51803,1
ID51804,1
ID51805,1
ID51806,1
ID51807,1
ID51808,1
ID51809,1
ID51810,1
ID51811,1
ID51812,1
ID51813,1
ID51814,1
ID51815,1
ID51816,1
ID51817,1
ID51818,1
ID51819,1
ID51820,1
ID51821,1
ID51822,1
ID51823,1
ID51824,1
ID51825,1
ID51826,1
ID51827,1
ID51828,1
ID51829,1
ID51830,1
ID51831,1
ID51832,1
ID51833,1
ID51834,1
ID51835,1
ID51836,1
ID51837,1
ID51838,1
ID51839,1
ID51840,1
ID51841,1
ID51842,1
ID51843,1
ID51844,1
ID51845,1
ID51846,1
ID51847,1
ID51848,1
ID51849,1
ID51850,1
ID51851,1
ID51852,1
ID51853,1
ID51854,1
ID51855,1
ID51856,1
ID51857,1
ID51858,1
ID51859,1
ID51860,1
ID51861,1
ID51862,1
ID51863,1
ID51864,1
ID51865,1
ID51866,1
ID51867,1
ID51868,1
ID51869,1
ID51870,1
ID51871,1
ID51872,1
ID51873,1
ID51874,1
ID51875,1
ID51876,1
ID51877,1
ID51878,1
ID51879,1
ID51880,1
ID51881,1
ID51882,1
ID51883,1
ID51884,1
ID51885,1
ID51886,1
ID51887,1
ID51888,1
ID51889,1
ID51890,1
ID51891,1
ID51892,1
ID51893,1
ID51894,1
ID51895,1
ID51896,1
ID51897,1
ID51898,1
ID51899,1
ID51900,1
ID51901,1
ID51902,1
ID51903,1
ID51904,1
ID51905,1
ID51906,1
ID51907,1
ID51908,1
ID51909,1
ID51910,1
ID51911,1
ID51912,1
ID51913,1
ID51914,1
ID51915,1
ID51916,1
ID51917,1
ID51918,1
ID51919,1
ID51920,1
ID51921,1
ID51922,1
ID51923,1
ID51924,1
ID51925,1
ID51926,1
ID51927,1
ID51928,1
ID51929,1
ID51930,1
ID51931,1
ID51932,1
ID51933,1
ID51934,1
ID51935,1
ID51936,1
ID51937,1
ID51938,1
ID51939,1
ID51940,1
ID51941,1
ID51942,1
ID51943,1
ID51944,1
ID51945,1
ID51946,1
ID51947,1
ID51948,1
ID51949,1
ID51950,1
ID51951,1
ID51952,1
ID51953,1
ID51954,1
ID51955,1
ID51956,1
ID51957,1
ID51958,1
ID51959,1
ID51960,1
ID51961,1
ID51962,1
ID51963,1
ID51964,1
ID51965,1
ID51966,1
ID51967,1
ID51968,1
ID51969,1
ID51970,1
ID51971,1
ID51972,1
ID51973,1
ID51974,1
ID51975,1
ID51976,1
ID51977,1
ID51978,1
ID51979,1
ID51980,1
ID51981,1
ID51982,1
ID51983,1
ID51984,1
ID51985,1
ID51986,1
ID51987,1
ID51988,1
ID51989,1
ID51990,1
ID51991,1
ID51992,1
ID51993,1
ID51994,1
ID51995,1
ID51996,1
ID51997,1
ID51998,1
ID51999,1
ID52000,1
ID52001,1
ID52002,1
ID52003,1
ID52004,1
ID52005,1
ID52006,1
ID52007,1
ID52008,1
ID52009,1
ID52010,1
ID52011,1
ID52012,1
ID52013,1
ID52014,1
ID52015,1
ID52016,1
ID52017,1
ID52018,1
ID52019,1
ID52020,1
ID52021,1
ID52022,1
ID52023,1
ID52024,1
ID52025,1
ID52026,1
ID52027,1
ID52028,1
ID52029,1
ID52030,1
ID52031,1
ID52032,1
ID52033,1
ID52034,1
ID52035,1
ID52036,1
ID52037,1
ID52038,1
ID52039,1
ID52040,1
ID52041,1
ID52042,1
ID52043,1
ID52044,1
ID52045,1
ID52046,1
ID52047,1
ID52048,1
ID52049,1
ID52050,1
ID52051,1
ID52052,1
ID52053,1
ID52054,1
ID52055,1
ID52056,1
ID52057,1
ID52058,1
ID52059,1
ID52060,1
ID52061,1
ID52062,1
ID52063,1
ID52064,1
ID52065,1
ID52066,1
ID52067,1
ID52068,1
ID52069,1
ID52070,1
ID52071,1
ID52072,1
ID52073,1
ID52074,1
ID52075,1
ID52076,1
ID52077,1
ID52078,1
ID52079,1
ID52080,1
ID52081,1
ID52082,1
ID52083,1
ID52084,1
ID52085,1
ID52086,1
ID52087,1
ID52088,1
ID52089,1
ID52090,1
ID52091,1
ID52092,1
ID52093,1
ID52094,1
ID52095,1
ID52096,1
ID52097,1
ID52098,1
ID52099,1
ID52100,1
ID52101,1
ID52102,1
ID52103,1
ID52104,1
ID52105,1
ID52106,1
ID52107,1
ID52108,1
ID52109,1
ID52110,1
ID52111,1
ID52112,1
ID52113,1
ID52114,1
ID52115,1
ID52116,1
ID52117,1
ID52118,1
ID52119,1
ID52120,1
ID52121,1
ID52122,1
ID52123,1
ID52124,1
ID52125,1
ID52126,1
ID52127,1
ID52128,1
ID52129,1
ID52130,1
ID52131,1
ID52132,1
ID52133,1
ID52134,1
ID52135,1
ID52136,1
ID52137,1
ID52138,1
ID52139,1
ID52140,1
ID52141,1
ID52142,1
ID52143,1
ID52144,1
ID52145,1
ID52146,1
ID52147,1
ID52148,1
ID52149,1
ID52150,1
ID52151,1
ID52152,1
ID52153,1
ID52154,1
ID52155,1
ID52156,1
ID52157,1
ID52158,1
ID52159,1
ID52160,1
ID52161,1
ID52162,1
ID52163,1
ID52164,1
ID52165,1
ID52166,1
ID52167,1
ID52168,1
ID52169,1
ID52170,1
ID52171,1
ID52172,1
ID52173,1
ID52174,1
ID52175,1
ID52176,1
ID52177,1
ID52178,1
ID52179,1
ID52180,1
ID52181,1
ID52182,1
ID52183,1
ID52184,1
ID52185,1
ID52186,1
ID52187,1
ID52188,1
ID52189,1
ID52190,1
ID52191,1
ID52192,1
ID52193,1
ID52194,1
ID52195,1
ID52196,1
ID52197,1
ID52198,1
ID52199,1
ID52200,1
ID52201,1
ID52202,1
ID52203,1
ID52204,1
ID52205,1
ID52206,1
ID52207,1
ID52208,1
ID52209,1
ID52210,1
ID52211,1
ID52212,1
ID52213,1
ID52214,1
ID52215,1
ID52216,1
ID52217,1
ID52218,1
ID52219,1
ID52220,1
ID52221,1
ID52222,1
ID52223,1
ID52224,1
ID52225,1
ID52226,1
ID52227,1
ID52228,1
ID52229,1
ID52230,1
ID52231,1
ID52232,1
ID52233,1
ID52234,1
ID52235,1
ID52236,1
ID52237,1
ID52238,1
ID52239,1
ID52240,1
ID52241,1
ID52242,1
ID52243,1
ID52244,1
ID52245,1
ID52246,1
ID52247,1
ID52248,1
ID52249,1
ID52250,1
ID52251,1
ID52252,1
ID52253,1
ID52254,1
ID52255,1
ID52256,1
ID52257,1
ID52258,1
ID52259,1
ID52260,1
ID52261,1
ID52262,1
ID52263,1
ID52264,1
ID52265,1
ID52266,1
ID52267,1
ID52268,1
ID52269,1
ID52270,1
ID52271,1
ID52272,1
ID52273,1
ID52274,1
ID52275,1
ID52276,1
ID52277,1
ID52278,1
ID52279,1
ID52280,1
ID52281,1
ID52282,1
ID52283,1
ID52284,1
ID52285,1
ID52286,1
ID52287,1
ID52288,1
ID52289,1
ID52290,1
ID52291,1
ID52292,1
ID52293,1
ID52294,1
ID52295,1
ID52296,1
ID52297,1
ID52298,1
ID52299,1
ID52300,1
ID52301,1
ID52302,1
ID52303,1
ID52304,1
ID52305,1
ID52306,1
ID52307,1
ID52308,1
ID52309,1
ID52310,1
ID52311,1
ID52312,1
ID52313,1
ID52314,1
ID52315,1
ID52316,1
ID52317,1
ID52318,1
ID52319,1
ID52320,1
ID52321,1
ID52322,1
ID52323,1
ID52324,1
ID52325,1
ID52326,1
ID52327,1
ID52328,1
ID52329,1
ID52330,1
ID52331,1
ID52332,1
ID52333,1
ID52334,1
ID52335,1
ID52336,1
ID52337,1
ID52338,1
ID52339,1
ID52340,1
ID52341,1
ID52342,1
ID52343,1
ID52344,1
ID52345,1
ID52346,1
ID52347,1
ID52348,1
ID52349,1
ID52350,1
ID52351,1
ID52352,1
ID52353,1
ID52354,1
ID52355,1
ID52356,1
ID52357,1
ID52358,1
ID52359,1
ID52360,1
ID52361,1
ID52362,1
ID52363,1
ID52364,1
ID52365,1
ID52366,1
ID52367,1
ID52368,1
ID52369,1
ID52370,1
ID52371,1
ID52372,1
ID52373,1
ID52374,1
ID52375,1
ID52376,1
ID52377,1
ID52378,1
ID52379,1
ID52380,1
ID52381,1
ID52382,1
ID52383,1
ID52384,1
ID52385,1
ID52386,1
ID52387,1
ID52388,1
ID52389,1
ID52390,1
ID52391,1
ID52392,1
ID52393,1
ID52394,1
ID52395,1
ID52396,1
ID52397,1
ID52398,1
ID52399,1
ID52400,1
ID52401,1
ID52402,1
ID52403,1
ID52404,1
ID52405,1
ID52406,1
ID52407,1
ID52408,1
ID52409,1
ID52410,1
ID52411,1
ID52412,1
ID52413,1
ID52414,1
ID52415,1
ID52416,1
ID52417,1
ID52418,1
ID52419,1
ID52420,1
ID52421,1
ID52422,1
ID52423,1
ID52424,1
ID52425,1
ID52426,1
ID52427,1
ID52428,1
ID52429,1
ID52430,1
ID52431,1
ID52432,1
ID52433,1
ID52434,1
ID52435,1
ID52436,1
ID52437,1
ID52438,1
ID52439,1
ID52440,1
ID52441,1
ID52442,1
ID52443,1
ID52444,1
ID52445,1
ID52446,1
ID52447,1
ID52448,1
ID52449,1
ID52450,1
ID52451,1
ID52452,1
ID52453,1
ID52454,1
ID52455,1
ID52456,1
ID52457,1
ID52458,1
ID52459,1
ID52460,1
ID52461,1
ID52462,1
ID52463,1
ID52464,1
ID52465,1
ID52466,1
ID52467,1
ID52468,1
ID52469,1
ID52470,1
ID52471,1
ID52472,1
ID52473,1
ID52474,1
ID52475,1
ID52476,1
ID52477,1
ID52478,1
ID52479,1
ID52480,1
ID52481,1
ID52482,1
ID52483,1
ID52484,1
ID52485,1
ID52486,1
ID52487,1
ID52488,1
ID52489,1
ID52490,1
ID52491,1
ID52492,1
ID52493,1
ID52494,1
ID52495,1
ID52496,1
ID52497,1
ID52498,1
ID52499,1
ID52500,1
ID52501,1
ID52502,1
ID52503,1
ID52504,1
ID52505,1
ID52506,1
ID52507,1
ID52508,1
ID52509,1
ID52510,1
ID52511,1
ID52512,1
ID52513,1
ID52514,1
ID52515,1
ID52516,1
ID52517,1
ID52518,1
ID52519,1
ID52520,1
ID52521,1
ID52522,1
ID52523,1
ID52524,1
ID52525,1
ID52526,1
ID52527,1
ID52528,1
ID52529,1
ID52530,1
ID52531,1
ID52532,1
ID52533,1
ID52534,1
ID52535,1
ID52536,1
ID52537,1
ID52538,1
ID52539,1
ID52540,1
ID52541,1
ID52542,1
ID52543,1
ID52544,1
ID52545,1
ID52546,1
ID52547,1
ID52548,1
ID52549,1
ID52550,1
ID52551,1
ID52552,1
ID52553,1
ID52554,1
ID52555,1
ID52556,1
ID52557,1
ID52558,1
ID52559,1
ID52560,1
ID52561,1
ID52562,1
ID52563,1
ID52564,1
ID52565,1
ID52566,1
ID52567,1
ID52568,1
ID52569,1
ID52570,1
ID52571,1
ID52572,1
ID52573,1
ID52574,1
ID52575,1
ID52576,1
ID52577,1
ID52578,1
ID52579,1
ID52580,1
ID52581,1
ID52582,1
ID52583,1
ID52584,1
ID52585,1
ID52586,1
ID52587,1
ID52588,1
ID52589,1
ID52590,1
ID52591,1
ID52592,1
ID52593,1
ID52594,1
ID52595,1
ID52596,1
ID52597,1
ID52598,1
ID52599,1
ID52600,1
ID52601,1
ID52602,1
ID52603,1
ID52604,1
ID52605,1
ID52606,1
ID52607,1
ID52608,1
ID52609,1
ID52610,1
ID52611,1
ID52612,1
ID52613,1
ID52614,1
ID52615,1
ID52616,1
ID52617,1
ID52618,1
ID52619,1
ID52620,1
ID52621,1
ID52622,1
ID52623,1
ID52624,1
ID52625,1
ID52626,1
ID52627,1
ID52628,1
ID52629,1
ID52630,1
ID52631,1
ID52632,1
ID52633,1
ID52634,1
ID52635,1
ID52636,1
ID52637,1
ID52638,1
ID52639,1
ID52640,1
ID52641,1
ID52642,1
ID52643,1
ID52644,1
ID52645,1
ID52646,1
ID52647,1
ID52648,1
ID52649,1
ID52650,1
ID52651,1
ID52652,1
ID52653,1
ID52654,1
ID52655,1
ID52656,1
ID52657,1
ID52658,1
ID52659,1
ID52660,1
ID52661,1
ID52662,1
ID52663,1
ID52664,1
ID52665,1
ID52666,1
ID52667,1
ID52668,1
ID52669,1
ID52670,1
ID52671,1
ID52672,1
ID52673,1
ID52674,1
ID52675,1
ID52676,1
ID52677,1
ID52678,1
ID52679,1
ID52680,1
ID52681,1
ID52682,1
ID52683,1
ID52684,1
ID52685,1
ID52686,1
ID52687,1
ID52688,1
ID52689,1
ID52690,1
ID52691,1
ID52692,1
ID52693,1
ID52694,1
ID52695,1
ID52696,1
ID52697,1
ID52698,1
ID52699,1
ID52700,1
ID52701,1
ID52702,1
ID52703,1
ID52704,1
ID52705,1
ID52706,1
ID52707,1
ID52708,1
ID52709,1
ID52710,1
ID52711,1
ID52712,1
ID52713,1
ID52714,1
ID52715,1
ID52716,1
ID52717,1
ID52718,1
ID52719,1
ID52720,1
ID52721,1
ID52722,1
ID52723,1
ID52724,1
ID52725,1
ID52726,1
ID52727,1
ID52728,1
ID52729,1
ID52730,1
ID52731,1
ID52732,1
ID52733,1
ID52734,1
ID52735,1
ID52736,1
ID52737,1
ID52738,1
ID52739,1
ID52740,1
ID52741,1
ID52742,1
ID52743,1
ID52744,1
ID52745,1
ID52746,1
ID52747,1
ID52748,1
ID52749,1
ID52750,1
ID52751,1
ID52752,1
ID52753,1
ID52754,1
ID52755,1
ID52756,1
ID52757,1
ID52758,1
ID52759,1
ID52760,1
ID52761,1
ID52762,1
ID52763,1
ID52764,1
ID52765,1
ID52766,1
ID52767,1
ID52768,1
ID52769,1
ID52770,1
ID52771,1
ID52772,1
ID52773,1
ID52774,1
ID52775,1
ID52776,1
ID52777,1
ID52778,1
ID52779,1
ID52780,1
ID52781,1
ID52782,1
ID52783,1
ID52784,1
ID52785,1
ID52786,1
ID52787,1
ID52788,1
ID52789,1
ID52790,1
ID52791,1
ID52792,1
ID52793,1
ID52794,1
ID52795,1
ID52796,1
ID52797,1
ID52798,1
ID52799,1
ID52800,1
ID52801,1
ID52802,1
ID52803,1
ID52804,1
ID52805,1
ID52806,1
ID52807,1
ID52808,1
ID52809,1
ID52810,1
ID52811,1
ID52812,1
ID52813,1
ID52814,1
ID52815,1
ID52816,1
ID52817,1
ID52818,1
ID52819,1
ID52820,1
ID52821,1
ID52822,1
ID52823,1
ID52824,1
ID52825,1
ID52826,1
ID52827,1
ID52828,1
ID52829,1
ID52830,1
ID52831,1
ID52832,1
ID52833,1
ID52834,1
ID52835,1
ID52836,1
ID52837,1
ID52838,1
ID52839,1
ID52840,1
ID52841,1
ID52842,1
ID52843,1
ID52844,1
ID52845,1
ID52846,1
ID52847,1
ID52848,1
ID52849,1
ID52850,1
ID52851,1
ID52852,1
ID52853,1
ID52854,1
ID52855,1
ID52856,1
ID52857,1
ID52858,1
ID52859,1
ID52860,1
ID52861,1
ID52862,1
ID52863,1
ID52864,1
ID52865,1
ID52866,1
ID52867,1
ID52868,1
ID52869,1
ID52870,1
ID52871,1
ID52872,1
ID52873,1
ID52874,1
ID52875,1
ID52876,1
ID52877,1
ID52878,1
ID52879,1
ID52880,1
ID52881,1
ID52882,1
ID52883,1
ID52884,1
ID52885,1
ID52886,1
ID52887,1
ID52888,1
ID52889,1
ID52890,1
ID52891,1
ID52892,1
ID52893,1
ID52894,1
ID52895,1
ID52896,1
ID52897,1
ID52898,1
ID52899,1
ID52900,1
ID52901,1
ID52902,1
ID52903,1
ID52904,1
ID52905,1
ID52906,1
ID52907,1
ID52908,1
ID52909,1
ID52910,1
ID52911,1
ID52912,1
ID52913,1
ID52914,1
ID52915,1
ID52916,1
ID52917,1
ID52918,1
ID52919,1
ID52920,1
ID52921,1
ID52922,1
ID52923,1
ID52924,1
ID52925,1
ID52926,1
ID52927,1
ID52928,1
ID52929,1
ID52930,1
ID52931,1
ID52932,1
ID52933,1
ID52934,1
ID52935,1
ID52936,1
ID52937,1
ID52938,1
ID52939,1
ID52940,1
ID52941,1
ID52942,1
ID52943,1
ID52944,1
ID52945,1
ID52946,1
ID52947,1
ID52948,1
ID52949,1
ID52950,1
ID52951,1
ID52952,1
ID52953,1
ID52954,1
ID52955,1
ID52956,1
ID52957,1
ID52958,1
ID52959,1
ID52960,1
ID52961,1
ID52962,1
ID52963,1
ID52964,1
ID52965,1
ID52966,1
ID52967,1
ID52968,1
ID52969,1
ID52970,1
ID52971,1
ID52972,1
ID52973,1
ID52974,1
ID52975,1
ID52976,1
ID52977,1
ID52978,1
ID52979,1
ID52980,1
ID52981,1
ID52982,1
ID52983,1
ID52984,1
ID52985,1
ID52986,1
ID52987,1
ID52988,1
ID52989,1
ID52990,1
ID52991,1
ID52992,1
ID52993,1
ID52994,1
ID52995,1
ID52996,1
ID52997,1
ID52998,1
ID52999,1
ID53000,1
ID53001,1
ID53002,1
ID53003,1
ID53004,1
ID53005,1
ID53006,1
ID53007,1
ID53008,1
ID53009,1
ID53010,1
ID53011,1
ID53012,1
ID53013,1
ID53014,1
ID53015,1
ID53016,1
ID53017,1
ID53018,1
ID53019,1
ID53020,1
ID53021,1
ID53022,1
ID53023,1
ID53024,1
ID53025,1
ID53026,1
ID53027,1
ID53028,1
ID53029,1
ID53030,1
ID53031,1
ID53032,1
ID53033,1
ID53034,1
ID53035,1
ID53036,1
ID53037,1
ID53038,1
ID53039,1
ID53040,1
ID53041,1
ID53042,1
ID53043,1
ID53044,1
ID53045,1
ID53046,1
ID53047,1
ID53048,1
ID53049,1
ID53050,1
ID53051,1
ID53052,1
ID53053,1
ID53054,1
ID53055,1
ID53056,1
ID53057,1
ID53058,1
ID53059,1
ID53060,1
ID53061,1
ID53062,1
ID53063,1
ID53064,1
ID53065,1
ID53066,1
ID53067,1
ID53068,1
ID53069,1
ID53070,1
ID53071,1
ID53072,1
ID53073,1
ID53074,1
ID53075,1
ID53076,1
ID53077,1
ID53078,1
ID53079,1
ID53080,1
ID53081,1
ID53082,1
ID53083,1
ID53084,1
ID53085,1
ID53086,1
ID53087,1
ID53088,1
ID53089,1
ID53090,1
ID53091,1
ID53092,1
ID53093,1
ID53094,1
ID53095,1
ID53096,1
ID53097,1
ID53098,1
ID53099,1
ID53100,1
ID53101,1
ID53102,1
ID53103,1
ID53104,1
ID53105,1
ID53106,1
ID53107,1
ID53108,1
ID53109,1
ID53110,1
ID53111,1
ID53112,1
ID53113,1
ID53114,1
ID53115,1
ID53116,1
ID53117,1
ID53118,1
ID53119,1
ID53120,1
ID53121,1
ID53122,1
ID53123,1
ID53124,1
ID53125,1
ID53126,1
ID53127,1
ID53128,1
ID53129,1
ID53130,1
ID53131,1
ID53132,1
ID53133,1
ID53134,1
ID53135,1
ID53136,1
ID53137,1
ID53138,1
ID53139,1
ID53140,1
ID53141,1
ID53142,1
ID53143,1
ID53144,1
ID53145,1
ID53146,1
ID53147,1
ID53148,1
ID53149,1
ID53150,1
ID53151,1
ID53152,1
ID53153,1
ID53154,1
ID53155,1
ID53156,1
ID53157,1
ID53158,1
ID53159,1
ID53160,1
ID53161,1
ID53162,1
ID53163,1
ID53164,1
ID53165,1
ID53166,1
ID53167,1
ID53168,1
ID53169,1
ID53170,1
ID53171,1
ID53172,1
ID53173,1
ID53174,1
ID53175,1
ID53176,1
ID53177,1
ID53178,1
ID53179,1
ID53180,1
ID53181,1
ID53182,1
ID53183,1
ID53184,1
ID53185,1
ID53186,1
ID53187,1
ID53188,1
ID53189,1
ID53190,1
ID53191,1
ID53192,1
ID53193,1
ID53194,1
ID53195,1
ID53196,1
ID53197,1
ID53198,1
ID53199,1
ID53200,1
ID53201,1
ID53202,1
ID53203,1
ID53204,1
ID53205,1
ID53206,1
ID53207,1
ID53208,1
ID53209,1
ID53210,1
ID53211,1
ID53212,1
ID53213,1
ID53214,1
ID53215,1
ID53216,1
ID53217,1
ID53218,1
ID53219,1
ID53220,1
ID53221,1
ID53222,1
ID53223,1
ID53224,1
ID53225,1
ID53226,1
ID53227,1
ID53228,1
ID53229,1
ID53230,1
ID53231,1
ID53232,1
ID53233,1
ID53234,1
ID53235,1
ID53236,1
ID53237,1
ID53238,1
ID53239,1
ID53240,1
ID53241,1
ID53242,1
ID53243,1
ID53244,1
ID53245,1
ID53246,1
ID53247,1
ID53248,1
ID53249,1
ID53250,1
ID53251,1
ID53252,1
ID53253,1
ID53254,1
ID53255,1
ID53256,1
ID53257,1
ID53258,1
ID53259,1
ID53260,1
ID53261,1
ID53262,1
ID53263,1
ID53264,1
ID53265,1
ID53266,1
ID53267,1
ID53268,1
ID53269,1
ID53270,1
ID53271,1
ID53272,1
ID53273,1
ID53274,1
ID53275,1
ID53276,1
ID53277,1
ID53278,1
ID53279,1
ID53280,1
ID53281,1
ID53282,1
ID53283,1
ID53284,1
ID53285,1
ID53286,1
ID53287,1
ID53288,1
ID53289,1
ID53290,1
ID53291,1
ID53292,1
ID53293,1
ID53294,1
ID53295,1
ID53296,1
ID53297,1
ID53298,1
ID53299,1
ID53300,1
ID53301,1
ID53302,1
ID53303,1
ID53304,1
ID53305,1
ID53306,1
ID53307,1
ID53308,1
ID53309,1
ID53310,1
ID53311,1
ID53312,1
ID53313,1
ID53314,1
ID53315,1
ID53316,1
ID53317,1
ID53318,1
ID53319,1
ID53320,1
ID53321,1
ID53322,1
ID53323,1
ID53324,1
ID53325,1
ID53326,1
ID53327,1
ID53328,1
ID53329,1
ID53330,1
ID53331,1
ID53332,1
ID53333,1
ID53334,1
ID53335,1
ID53336,1
ID53337,1
ID53338,1
ID53339,1
ID53340,1
ID53341,1
ID53342,1
ID53343,1
ID53344,1
ID53345,1
ID53346,1
ID53347,1
ID53348,1
ID53349,1
ID53350,1
ID53351,1
ID53352,1
ID53353,1
ID53354,1
ID53355,1
ID53356,1
ID53357,1
ID53358,1
ID53359,1
ID53360,1
ID53361,1
ID53362,1
ID53363,1
ID53364,1
ID53365,1
ID53366,1
ID53367,1
ID53368,1
ID53369,1
ID53370,1
ID53371,1
ID53372,1
ID53373,1
ID53374,1
ID53375,1
ID53376,1
ID53377,1
ID53378,1
ID53379,1
ID53380,1
ID53381,1
ID53382,1
ID53383,1
ID53384,1
ID53385,1
ID53386,1
ID53387,1
ID53388,1
ID53389,1
ID53390,1
ID53391,1
ID53392,1
ID53393,1
ID53394,1
ID53395,1
ID53396,1
ID53397,1
ID53398,1
ID53399,1
ID53400,1
ID53401,1
ID53402,1
ID53403,1
ID53404,1
ID53405,1
ID53406,1
ID53407,1
ID53408,1
ID53409,1
ID53410,1
ID53411,1
ID53412,1
ID53413,1
ID53414,1
ID53415,1
ID53416,1
ID53417,1
ID53418,1
ID53419,1
ID53420,1
ID53421,1
ID53422,1
ID53423,1
ID53424,1
ID53425,1
ID53426,1
ID53427,1
ID53428,1
ID53429,1
ID53430,1
ID53431,1
ID53432,1
ID53433,1
ID53434,1
ID53435,1
ID53436,1
ID53437,1
ID53438,1
ID53439,1
ID53440,1
ID53441,1
ID53442,1
ID53443,1
ID53444,1
ID53445,1
ID53446,1
ID53447,1
ID53448,1
ID53449,1
ID53450,1
ID53451,1
ID53452,1
ID53453,1
ID53454,1
ID53455,1
ID53456,1
ID53457,1
ID53458,1
ID53459,1
ID53460,1
ID53461,1
ID53462,1
ID53463,1
ID53464,1
ID53465,1
ID53466,1
ID53467,1
ID53468,1
ID53469,1
ID53470,1
ID53471,1
ID53472,1
ID53473,1
ID53474,1
ID53475,1
ID53476,1
ID53477,1
ID53478,1
ID53479,1
ID53480,1
ID53481,1
ID53482,1
ID53483,1
ID53484,1
ID53485,1
ID53486,1
ID53487,1
ID53488,1
ID53489,1
ID53490,1
ID53491,1
ID53492,1
ID53493,1
ID53494,1
ID53495,1
ID53496,1
ID53497,1
ID53498,1
ID53499,1
ID53500,1
ID53501,1
ID53502,1
ID53503,1
ID53504,1
ID53505,1
ID53506,1
ID53507,1
ID53508,1
ID53509,1
ID53510,1
ID53511,1
ID53512,1
ID53513,1
ID53514,1
ID53515,1
ID53516,1
ID53517,1
ID53518,1
ID53519,1
ID53520,1
ID53521,1
ID53522,1
ID53523,1
ID53524,1
ID53525,1
ID53526,1
ID53527,1
ID53528,1
ID53529,1
ID53530,1
ID53531,1
ID53532,1
ID53533,1
ID53534,1
ID53535,1
ID53536,1
ID53537,1
ID53538,1
ID53539,1
ID53540,1
ID53541,1
ID53542,1
ID53543,1
ID53544,1
ID53545,1
ID53546,1
ID53547,1
ID53548,1
ID53549,1
ID53550,1
ID53551,1
ID53552,1
ID53553,1
ID53554,1
ID53555,1
ID53556,1
ID53557,1
ID53558,1
ID53559,1
ID53560,1
ID53561,1
ID53562,1
ID53563,1
ID53564,1
ID53565,1
ID53566,1
ID53567,1
ID53568,1
ID53569,1
ID53570,1
ID53571,1
ID53572,1
ID53573,1
ID53574,1
ID53575,1
ID53576,1
ID53577,1
ID53578,1
ID53579,1
ID53580,1
ID53581,1
ID53582,1
ID53583,1
ID53584,1
ID53585,1
ID53586,1
ID53587,1
ID53588,1
ID53589,1
ID53590,1
ID53591,1
ID53592,1
ID53593,1
ID53594,1
ID53595,1
ID53596,1
ID53597,1
ID53598,1
ID53599,1
ID53600,1
ID53601,1
ID53602,1
ID53603,1
ID53604,1
ID53605,1
ID53606,1
ID53607,1
ID53608,1
ID53609,1
ID53610,1
ID53611,1
ID53612,1
ID53613,1
ID53614,1
ID53615,1
ID53616,1
ID53617,1
ID53618,1
ID53619,1
ID53620,1
ID53621,1
ID53622,1
ID53623,1
ID53624,1
ID53625,1
ID53626,1
ID53627,1
ID53628,1
ID53629,1
ID53630,1
ID53631,1
ID53632,1
ID53633,1
ID53634,1
ID53635,1
ID53636,1
ID53637,1
ID53638,1
ID53639,1
ID53640,1
ID53641,1
ID53642,1
ID53643,1
ID53644,1
ID53645,1
ID53646,1
ID53647,1
ID53648,1
ID53649,1
ID53650,1
ID53651,1
ID53652,1
ID53653,1
ID53654,1
ID53655,1
ID53656,1
ID53657,1
ID53658,1
ID53659,1
ID53660,1
ID53661,1
ID53662,1
ID53663,1
ID53664,1
ID53665,1
ID53666,1
ID53667,1
ID53668,1
ID53669,1
ID53670,1
ID53671,1
ID53672,1
ID53673,1
ID53674,1
ID53675,1
ID53676,1
ID53677,1
ID53678,1
ID53679,1
ID53680,1
ID53681,1
ID53682,1
ID53683,1
ID53684,1
ID53685,1
ID53686,1
ID53687,1
ID53688,1
ID53689,1
ID53690,1
ID53691,1
ID53692,1
ID53693,1
ID53694,1
ID53695,1
ID53696,1
ID53697,1
ID53698,1
ID53699,1
ID53700,1
ID53701,1
ID53702,1
ID53703,1
ID53704,1
ID53705,1
ID53706,1
ID53707,1
ID53708,1
ID53709,1
ID53710,1
ID53711,1
ID53712,1
ID53713,1
ID53714,1
ID53715,1
ID53716,1
ID53717,1
ID53718,1
ID53719,1
ID53720,1
ID53721,1
ID53722,1
ID53723,1
ID53724,1
ID53725,1
ID53726,1
ID53727,1
ID53728,1
ID53729,1
ID53730,1
ID53731,1
ID53732,1
ID53733,1
ID53734,1
ID53735,1
ID53736,1
ID53737,1
ID53738,1
ID53739,1
ID53740,1
ID53741,1
ID53742,1
ID53743,1
ID53744,1
ID53745,1
ID53746,1
ID53747,1
ID53748,1
ID53749,1
ID53750,1
ID53751,1
ID53752,1
ID53753,1
ID53754,1
ID53755,1
ID53756,1
ID53757,1
ID53758,1
ID53759,1
ID53760,1
ID53761,1
ID53762,1
ID53763,1
ID53764,1
ID53765,1
ID53766,1
ID53767,1
ID53768,1
ID53769,1
ID53770,1
ID53771,1
ID53772,1
ID53773,1
ID53774,1
ID53775,1
ID53776,1
ID53777,1
ID53778,1
ID53779,1
ID53780,1
ID53781,1
ID53782,1
ID53783,1
ID53784,1
ID53785,1
ID53786,1
ID53787,1
ID53788,1
ID53789,1
ID53790,1
ID53791,1
ID53792,1
ID53793,1
ID53794,1
ID53795,1
ID53796,1
ID53797,1
ID53798,1
ID53799,1
ID53800,1
ID53801,1
ID53802,1
ID53803,1
ID53804,1
ID53805,1
ID53806,1
ID53807,1
ID53808,1
ID53809,1
ID53810,1
ID53811,1
ID53812,1
ID53813,1
ID53814,1
ID53815,1
ID53816,1
ID53817,1
ID53818,1
ID53819,1
ID53820,1
ID53821,1
ID53822,1
ID53823,1
ID53824,1
ID53825,1
ID53826,1
ID53827,1
ID53828,1
ID53829,1
ID53830,1
ID53831,1
ID53832,1
ID53833,1
ID53834,1
ID53835,1
ID53836,1
ID53837,1
ID53838,1
ID53839,1
ID53840,1
ID53841,1
ID53842,1
ID53843,1
ID53844,1
ID53845,1
ID53846,1
ID53847,1
ID53848,1
ID53849,1
ID53850,1
ID53851,1
ID53852,1
ID53853,1
ID53854,1
ID53855,1
ID53856,1
ID53857,1
ID53858,1
ID53859,1
ID53860,1
ID53861,1
ID53862,1
ID53863,1
ID53864,1
ID53865,1
ID53866,1
ID53867,1
ID53868,1
ID53869,1
ID53870,1
ID53871,1
ID53872,1
ID53873,1
ID53874,1
ID53875,1
ID53876,1
ID53877,1
ID53878,1
ID53879,1
ID53880,1
ID53881,1
ID53882,1
ID53883,1
ID53884,1
ID53885,1
ID53886,1
ID53887,1
ID53888,1
ID53889,1
ID53890,1
ID53891,1
ID53892,1
ID53893,1
ID53894,1
ID53895,1
ID53896,1
ID53897,1
ID53898,1
ID53899,1
ID53900,1
ID53901,1
ID53902,1
ID53903,1
ID53904,1
ID53905,1
ID53906,1
ID53907,1
ID53908,1
ID53909,1
ID53910,1
ID53911,1
ID53912,1
ID53913,1
ID53914,1
ID53915,1
ID53916,1
ID53917,1
ID53918,1
ID53919,1
ID53920,1
ID53921,1
ID53922,1
ID53923,1
ID53924,1
ID53925,1
ID53926,1
ID53927,1
ID53928,1
ID53929,1
ID53930,1
ID53931,1
ID53932,1
ID53933,1
ID53934,1
ID53935,1
ID53936,1
ID53937,1
ID53938,1
ID53939,1
ID53940,1
ID53941,1
ID53942,1
ID53943,1
ID53944,1
ID53945,1
ID53946,1
ID53947,1
ID53948,1
ID53949,1
ID53950,1
ID53951,1
ID53952,1
ID53953,1
ID53954,1
ID53955,1
ID53956,1
ID53957,1
ID53958,1
ID53959,1
ID53960,1
ID53961,1
ID53962,1
ID53963,1
ID53964,1
ID53965,1
ID53966,1
ID53967,1
ID53968,1
ID53969,1
ID53970,1
ID53971,1
ID53972,1
ID53973,1
ID53974,1
ID53975,1
ID53976,1
ID53977,1
ID53978,1
ID53979,1
ID53980,1
ID53981,1
ID53982,1
ID53983,1
ID53984,1
ID53985,1
ID53986,1
ID53987,1
ID53988,1
ID53989,1
ID53990,1
ID53991,1
ID53992,1
ID53993,1
ID53994,1
ID53995,1
ID53996,1
ID53997,1
ID53998,1
ID53999,1
ID54000,1
ID54001,1
ID54002,1
ID54003,1
ID54004,1
ID54005,1
ID54006,1
ID54007,1
ID54008,1
ID54009,1
ID54010,1
ID54011,1
ID54012,1
ID54013,1
ID54014,1
ID54015,1
ID54016,1
ID54017,1
ID54018,1
ID54019,1
ID54020,1
ID54021,1
ID54022,1
ID54023,1
ID54024,1
ID54025,1
ID54026,1
ID54027,1
ID54028,1
ID54029,1
ID54030,1
ID54031,1
ID54032,1
ID54033,1
ID54034,1
ID54035,1
ID54036,1
ID54037,1
ID54038,1
ID54039,1
ID54040,1
ID54041,1
ID54042,1
ID54043,1
ID54044,1
ID54045,1
ID54046,1
ID54047,1
ID54048,1
ID54049,1
ID54050,1
ID54051,1
ID54052,1
ID54053,1
ID54054,1
ID54055,1
ID54056,1
ID54057,1
ID54058,1
ID54059,1
ID54060,1
ID54061,1
ID54062,1
ID54063,1
ID54064,1
ID54065,1
ID54066,1
ID54067,1
ID54068,1
ID54069,1
ID54070,1
ID54071,1
ID54072,1
ID54073,1
ID54074,1
ID54075,1
ID54076,1
ID54077,1
ID54078,1
ID54079,1
ID54080,1
ID54081,1
ID54082,1
ID54083,1
ID54084,1
ID54085,1
ID54086,1
ID54087,1
ID54088,1
ID54089,1
ID54090,1
ID54091,1
ID54092,1
ID54093,1
ID54094,1
ID54095,1
ID54096,1
ID54097,1
ID54098,1
ID54099,1
ID54100,1
ID54101,1
ID54102,1
ID54103,1
ID54104,1
ID54105,1
ID54106,1
ID54107,1
ID54108,1
ID54109,1
ID54110,1
ID54111,1
ID54112,1
ID54113,1
ID54114,1
ID54115,1
ID54116,1
ID54117,1
ID54118,1
ID54119,1
ID54120,1
ID54121,1
ID54122,1
ID54123,1
ID54124,1
ID54125,1
ID54126,1
ID54127,1
ID54128,1
ID54129,1
ID54130,1
ID54131,1
ID54132,1
ID54133,1
ID54134,1
ID54135,1
ID54136,1
ID54137,1
ID54138,1
ID54139,1
ID54140,1
ID54141,1
ID54142,1
ID54143,1
ID54144,1
ID54145,1
ID54146,1
ID54147,1
ID54148,1
ID54149,1
ID54150,1
ID54151,1
ID54152,1
ID54153,1
ID54154,1
ID54155,1
ID54156,1
ID54157,1
ID54158,1
ID54159,1
ID54160,1
ID54161,1
ID54162,1
ID54163,1
ID54164,1
ID54165,1
ID54166,1
ID54167,1
ID54168,1
ID54169,1
ID54170,1
ID54171,1
ID54172,1
ID54173,1
ID54174,1
ID54175,1
ID54176,1
ID54177,1
ID54178,1
ID54179,1
ID54180,1
ID54181,1
ID54182,1
ID54183,1
ID54184,1
ID54185,1
ID54186,1
ID54187,1
ID54188,1
ID54189,1
ID54190,1
ID54191,1
ID54192,1
ID54193,1
ID54194,1
ID54195,1
ID54196,1
ID54197,1
ID54198,1
ID54199,1
ID54200,1
ID54201,1
ID54202,1
ID54203,1
ID54204,1
ID54205,1
ID54206,1
ID54207,1
ID54208,1
ID54209,1
ID54210,1
ID54211,1
ID54212,1
ID54213,1
ID54214,1
ID54215,1
ID54216,1
ID54217,1
ID54218,1
ID54219,1
ID54220,1
ID54221,1
ID54222,1
ID54223,1
ID54224,1
ID54225,1
ID54226,1
ID54227,1
ID54228,1
ID54229,1
ID54230,1
ID54231,1
ID54232,1
ID54233,1
ID54234,1
ID54235,1
ID54236,1
ID54237,1
ID54238,1
ID54239,1
ID54240,1
ID54241,1
ID54242,1
ID54243,1
ID54244,1
ID54245,1
ID54246,1
ID54247,1
ID54248,1
ID54249,1
ID54250,1
ID54251,1
ID54252,1
ID54253,1
ID54254,1
ID54255,1
ID54256,1
ID54257,1
ID54258,1
ID54259,1
ID54260,1
ID54261,1
ID54262,1
ID54263,1
ID54264,1
ID54265,1
ID54266,1
ID54267,1
ID54268,1
ID54269,1
ID54270,1
ID54271,1
ID54272,1
ID54273,1
ID54274,1
ID54275,1
ID54276,1
ID54277,1
ID54278,1
ID54279,1
ID54280,1
ID54281,1
ID54282,1
ID54283,1
ID54284,1
ID54285,1
ID54286,1
ID54287,1
ID54288,1
ID54289,1
ID54290,1
ID54291,1
ID54292,1
ID54293,1
ID54294,1
ID54295,1
ID54296,1
ID54297,1
ID54298,1
ID54299,1
ID54300,1
ID54301,1
ID54302,1
ID54303,1
ID54304,1
ID54305,1
ID54306,1
ID54307,1
ID54308,1
ID54309,1
ID54310,1
ID54311,1
ID54312,1
ID54313,1
ID54314,1
ID54315,1
ID54316,1
ID54317,1
ID54318,1
ID54319,1
ID54320,1
ID54321,1
ID54322,1
ID54323,1
ID54324,1
ID54325,1
ID54326,1
ID54327,1
ID54328,1
ID54329,1
ID54330,1
ID54331,1
ID54332,1
ID54333,1
ID54334,1
ID54335,1
ID54336,1
ID54337,1
ID54338,1
ID54339,1
ID54340,1
ID54341,1
ID54342,1
ID54343,1
ID54344,1
ID54345,1
ID54346,1
ID54347,1
ID54348,1
ID54349,1
ID54350,1
ID54351,1
ID54352,1
ID54353,1
ID54354,1
ID54355,1
ID54356,1
ID54357,1
ID54358,1
ID54359,1
ID54360,1
ID54361,1
ID54362,1
ID54363,1
ID54364,1
ID54365,1
ID54366,1
ID54367,1
ID54368,1
ID54369,1
ID54370,1
ID54371,1
ID54372,1
ID54373,1
ID54374,1
ID54375,1
ID54376,1
ID54377,1
ID54378,1
ID54379,1
ID54380,1
ID54381,1
ID54382,1
ID54383,1
ID54384,1
ID54385,1
ID54386,1
ID54387,1
ID54388,1
ID54389,1
ID54390,1
ID54391,1
ID54392,1
ID54393,1
ID54394,1
ID54395,1
ID54396,1
ID54397,1
ID54398,1
ID54399,1
ID54400,1
ID54401,1
ID54402,1
ID54403,1
ID54404,1
ID54405,1
ID54406,1
ID54407,1
ID54408,1
ID54409,1
ID54410,1
ID54411,1
ID54412,1
ID54413,1
ID54414,1
ID54415,1
ID54416,1
ID54417,1
ID54418,1
ID54419,1
ID54420,1
ID54421,1
ID54422,1
ID54423,1
ID54424,1
ID54425,1
ID54426,1
ID54427,1
ID54428,1
ID54429,1
ID54430,1
ID54431,1
ID54432,1
ID54433,1
ID54434,1
ID54435,1
ID54436,1
ID54437,1
ID54438,1
ID54439,1
ID54440,1
ID54441,1
ID54442,1
ID54443,1
ID54444,1
ID54445,1
ID54446,1
ID54447,1
ID54448,1
ID54449,1
ID54450,1
ID54451,1
ID54452,1
ID54453,1
ID54454,1
ID54455,1
ID54456,1
ID54457,1
ID54458,1
ID54459,1
ID54460,1
ID54461,1
ID54462,1
ID54463,1
ID54464,1
ID54465,1
ID54466,1
ID54467,1
ID54468,1
ID54469,1
ID54470,1
ID54471,1
ID54472,1
ID54473,1
ID54474,1
ID54475,1
ID54476,1
ID54477,1
ID54478,1
ID54479,1
ID54480,1
ID54481,1
ID54482,1
ID54483,1
ID54484,1
ID54485,1
ID54486,1
ID54487,1
ID54488,1
ID54489,1
ID54490,1
ID54491,1
ID54492,1
ID54493,1
ID54494,1
ID54495,1
ID54496,1
ID54497,1
ID54498,1
ID54499,1
ID54500,1
ID54501,1
ID54502,1
ID54503,1
ID54504,1
ID54505,1
ID54506,1
ID54507,1
ID54508,1
ID54509,1
ID54510,1
ID54511,1
ID54512,1
ID54513,1
ID54514,1
ID54515,1
ID54516,1
ID54517,1
ID54518,1
ID54519,1
ID54520,1
ID54521,1
ID54522,1
ID54523,1
ID54524,1
ID54525,1
ID54526,1
ID54527,1
ID54528,1
ID54529,1
ID54530,1
ID54531,1
ID54532,1
ID54533,1
ID54534,1
ID54535,1
ID54536,1
ID54537,1
ID54538,1
ID54539,1
ID54540,1
ID54541,1
ID54542,1
ID54543,1
ID54544,1
ID54545,1
ID54546,1
ID54547,1
ID54548,1
ID54549,1
ID54550,1
ID54551,1
ID54552,1
ID54553,1
ID54554,1
ID54555,1
ID54556,1
ID54557,1
ID54558,1
ID54559,1
ID54560,1
ID54561,1
ID54562,1
ID54563,1
ID54564,1
ID54565,1
ID54566,1
ID54567,1
ID54568,1
ID54569,1
ID54570,1
ID54571,1
ID54572,1
ID54573,1
ID54574,1
ID54575,1
ID54576,1
ID54577,1
ID54578,1
ID54579,1
ID54580,1
ID54581,1
ID54582,1
ID54583,1
ID54584,1
ID54585,1
ID54586,1
ID54587,1
ID54588,1
ID54589,1
ID54590,1
ID54591,1
ID54592,1
ID54593,1
ID54594,1
ID54595,1
ID54596,1
ID54597,1
ID54598,1
ID54599,1
ID54600,1
ID54601,1
ID54602,1
ID54603,1
ID54604,1
ID54605,1
ID54606,1
ID54607,1
ID54608,1
ID54609,1
ID54610,1
ID54611,1
ID54612,1
ID54613,1
ID54614,1
ID54615,1
ID54616,1
ID54617,1
ID54618,1
ID54619,1
ID54620,1
ID54621,1
ID54622,1
ID54623,1
ID54624,1
ID54625,1
ID54626,1
ID54627,1
ID54628,1
ID54629,1
ID54630,1
ID54631,1
ID54632,1
ID54633,1
ID54634,1
ID54635,1
ID54636,1
ID54637,1
ID54638,1
ID54639,1
ID54640,1
ID54641,1
ID54642,1
ID54643,1
ID54644,1
ID54645,1
ID54646,1
ID54647,1
ID54648,1
ID54649,1
ID54650,1
ID54651,1
ID54652,1
ID54653,1
ID54654,1
ID54655,1
ID54656,1
ID54657,1
ID54658,1
ID54659,1
ID54660,1
ID54661,1
ID54662,1
ID54663,1
ID54664,1
ID54665,1
ID54666,1
ID54667,1
ID54668,1
ID54669,1
ID54670,1
ID54671,1
ID54672,1
ID54673,1
ID54674,1
ID54675,1
ID54676,1
ID54677,1
ID54678,1
ID54679,1
ID54680,1
ID54681,1
ID54682,1
ID54683,1
ID54684,1
ID54685,1
ID54686,1
ID54687,1
ID54688,1
ID54689,1
ID54690,1
ID54691,1
ID54692,1
ID54693,1
ID54694,1
ID54695,1
ID54696,1
ID54697,1
ID54698,1
ID54699,1
ID54700,1
ID54701,1
ID54702,1
ID54703,1
ID54704,1
ID54705,1
ID54706,1
ID54707,1
ID54708,1
ID54709,1
ID54710,1
ID54711,1
ID54712,1
ID54713,1
ID54714,1
ID54715,1
ID54716,1
ID54717,1
ID54718,1
ID54719,1
ID54720,1
ID54721,1
ID54722,1
ID54723,1
ID54724,1
ID54725,1
ID54726,1
ID54727,1
ID54728,1
ID54729,1
ID54730,1
ID54731,1
ID54732,1
ID54733,1
ID54734,1
ID54735,1
ID54736,1
ID54737,1
ID54738,1
ID54739,1
ID54740,1
ID54741,1
ID54742,1
ID54743,1
ID54744,1
ID54745,1
ID54746,1
ID54747,1
ID54748,1
ID54749,1
ID54750,1
ID54751,1
ID54752,1
ID54753,1
ID54754,1
ID54755,1
ID54756,1
ID54757,1
ID54758,1
ID54759,1
ID54760,1
ID54761,1
ID54762,1
ID54763,1
ID54764,1
ID54765,1
ID54766,1
ID54767,1
ID54768,1
ID54769,1
ID54770,1
ID54771,1
ID54772,1
ID54773,1
ID54774,1
ID54775,1
ID54776,1
ID54777,1
ID54778,1
ID54779,1
ID54780,1
ID54781,1
ID54782,1
ID54783,1
ID54784,1
ID54785,1
ID54786,1
ID54787,1
ID54788,1
ID54789,1
ID54790,1
ID54791,1
ID54792,1
ID54793,1
ID54794,1
ID54795,1
ID54796,1
ID54797,1
ID54798,1
ID54799,1
ID54800,1
ID54801,1
ID54802,1
ID54803,1
ID54804,1
ID54805,1
ID54806,1
ID54807,1
ID54808,1
ID54809,1
ID54810,1
ID54811,1
ID54812,1
ID54813,1
ID54814,1
ID54815,1
ID54816,1
ID54817,1
ID54818,1
ID54819,1
ID54820,1
ID54821,1
ID54822,1
ID54823,1
ID54824,1
ID54825,1
ID54826,1
ID54827,1
ID54828,1
ID54829,1
ID54830,1
ID54831,1
ID54832,1
ID54833,1
ID54834,1
ID54835,1
ID54836,1
ID54837,1
ID54838,1
ID54839,1
ID54840,1
ID54841,1
ID54842,1
ID54843,1
ID54844,1
ID54845,1
ID54846,1
ID54847,1
ID54848,1
ID54849,1
ID54850,1
ID54851,1
ID54852,1
ID54853,1
ID54854,1
ID54855,1
ID54856,1
ID54857,1
ID54858,1
ID54859,1
ID54860,1
ID54861,1
ID54862,1
ID54863,1
ID54864,1
ID54865,1
ID54866,1
ID54867,1
ID54868,1
ID54869,1
ID54870,1
ID54871,1
ID54872,1
ID54873,1
ID54874,1
ID54875,1
ID54876,1
ID54877,1
ID54878,1
ID54879,1
ID54880,1
ID54881,1
ID54882,1
ID54883,1
ID54884,1
ID54885,1
ID54886,1
ID54887,1
ID54888,1
ID54889,1
ID54890,1
ID54891,1
ID54892,1
ID54893,1
ID54894,1
ID54895,1
ID54896,1
ID54897,1
ID54898,1
ID54899,1
ID54900,1
ID54901,1
ID54902,1
ID54903,1
ID54904,1
ID54905,1
ID54906,1
ID54907,1
ID54908,1
ID54909,1
ID54910,1
ID54911,1
ID54912,1
ID54913,1
ID54914,1
ID54915,1
ID54916,1
ID54917,1
ID54918,1
ID54919,1
ID54920,1
ID54921,1
ID54922,1
ID54923,1
ID54924,1
ID54925,1
ID54926,1
ID54927,1
ID54928,1
ID54929,1
ID54930,1
ID54931,1
ID54932,1
ID54933,1
ID54934,1
ID54935,1
ID54936,1
ID54937,1
ID54938,1
ID54939,1
ID54940,1
ID54941,1
ID54942,1
ID54943,1
ID54944,1
ID54945,1
ID54946,1
ID54947,1
ID54948,1
ID54949,1
ID54950,1
ID54951,1
ID54952,1
ID54953,1
ID54954,1
ID54955,1
ID54956,1
ID54957,1
ID54958,1
ID54959,1
ID54960,1
ID54961,1
ID54962,1
ID54963,1
ID54964,1
ID54965,1
ID54966,1
ID54967,1
ID54968,1
ID54969,1
ID54970,1
ID54971,1
ID54972,1
ID54973,1
ID54974,1
ID54975,1
ID54976,1
ID54977,1
ID54978,1
ID54979,1
ID54980,1
ID54981,1
ID54982,1
ID54983,1
ID54984,1
ID54985,1
ID54986,1
ID54987,1
ID54988,1
ID54989,1
ID54990,1
ID54991,1
ID54992,1
ID54993,1
ID54994,1
ID54995,1
ID54996,1
ID54997,1
ID54998,1
ID54999,1
ID55000,1
ID55001,1
ID55002,1
ID55003,1
ID55004,1
ID55005,1
ID55006,1
ID55007,1
ID55008,1
ID55009,1
ID55010,1
ID55011,1
ID55012,1
ID55013,1
ID55014,1
ID55015,1
ID55016,1
ID55017,1
ID55018,1
ID55019,1
ID55020,1
ID55021,1
ID55022,1
ID55023,1
ID55024,1
ID55025,1
ID55026,1
ID55027,1
ID55028,1
ID55029,1
ID55030,1
ID55031,1
ID55032,1
ID55033,1
ID55034,1
ID55035,1
ID55036,1
ID55037,1
ID55038,1
ID55039,1
ID55040,1
ID55041,1
ID55042,1
ID55043,1
ID55044,1
ID55045,1
ID55046,1
ID55047,1
ID55048,1
ID55049,1
ID55050,1
ID55051,1
ID55052,1
ID55053,1
ID55054,1
ID55055,1
ID55056,1
ID55057,1
ID55058,1
ID55059,1
ID55060,1
ID55061,1
ID55062,1
ID55063,1
ID55064,1
ID55065,1
ID55066,1
ID55067,1
ID55068,1
ID55069,1
ID55070,1
ID55071,1
ID55072,1
ID55073,1
ID55074,1
ID55075,1
ID55076,1
ID55077,1
ID55078,1
ID55079,1
ID55080,1
ID55081,1
ID55082,1
ID55083,1
ID55084,1
ID55085,1
ID55086,1
ID55087,1
ID55088,1
ID55089,1
ID55090,1
ID55091,1
ID55092,1
ID55093,1
ID55094,1
ID55095,1
ID55096,1
ID55097,1
ID55098,1
ID55099,1
ID55100,1
ID55101,1
ID55102,1
ID55103,1
ID55104,1
ID55105,1
ID55106,1
ID55107,1
ID55108,1
ID55109,1
ID55110,1
ID55111,1
ID55112,1
ID55113,1
ID55114,1
ID55115,1
ID55116,1
ID55117,1
ID55118,1
ID55119,1
ID55120,1
ID55121,1
ID55122,1
ID55123,1
ID55124,1
ID55125,1
ID55126,1
ID55127,1
ID55128,1
ID55129,1
ID55130,1
ID55131,1
ID55132,1
ID55133,1
ID55134,1
ID55135,1
ID55136,1
ID55137,1
ID55138,1
ID55139,1
ID55140,1
ID55141,1
ID55142,1
ID55143,1
ID55144,1
ID55145,1
ID55146,1
ID55147,1
ID55148,1
ID55149,1
ID55150,1
ID55151,1
ID55152,1
ID55153,1
ID55154,1
ID55155,1
ID55156,1
ID55157,1
ID55158,1
ID55159,1
ID55160,1
ID55161,1
ID55162,1
ID55163,1
ID55164,1
ID55165,1
ID55166,1
ID55167,1
ID55168,1
ID55169,1
ID55170,1
ID55171,1
ID55172,1
ID55173,1
ID55174,1
ID55175,1
ID55176,1
ID55177,1
ID55178,1
ID55179,1
ID55180,1
ID55181,1
ID55182,1
ID55183,1
ID55184,1
ID55185,1
ID55186,1
ID55187,1
ID55188,1
ID55189,1
ID55190,1
ID55191,1
ID55192,1
ID55193,1
ID55194,1
ID55195,1
ID55196,1
ID55197,1
ID55198,1
ID55199,1
ID55200,1
ID55201,1
ID55202,1
ID55203,1
ID55204,1
ID55205,1
ID55206,1
ID55207,1
ID55208,1
ID55209,1
ID55210,1
ID55211,1
ID55212,1
ID55213,1
ID55214,1
ID55215,1
ID55216,1
ID55217,1
ID55218,1
ID55219,1
ID55220,1
ID55221,1
ID55222,1
ID55223,1
ID55224,1
ID55225,1
ID55226,1
ID55227,1
ID55228,1
ID55229,1
ID55230,1
ID55231,1
ID55232,1
ID55233,1
ID55234,1
ID55235,1
ID55236,1
ID55237,1
ID55238,1
ID55239,1
ID55240,1
ID55241,1
ID55242,1
ID55243,1
ID55244,1
ID55245,1
ID55246,1
ID55247,1
ID55248,1
ID55249,1
ID55250,1
ID55251,1
ID55252,1
ID55253,1
ID55254,1
ID55255,1
ID55256,1
ID55257,1
ID55258,1
ID55259,1
ID55260,1
ID55261,1
ID55262,1
ID55263,1
ID55264,1
ID55265,1
ID55266,1
ID55267,1
ID55268,1
ID55269,1
ID55270,1
ID55271,1
ID55272,1
ID55273,1
ID55274,1
ID55275,1
ID55276,1
ID55277,1
ID55278,1
ID55279,1
ID55280,1
ID55281,1
ID55282,1
ID55283,1
ID55284,1
ID55285,1
ID55286,1
ID55287,1
ID55288,1
ID55289,1
ID55290,1
ID55291,1
ID55292,1
ID55293,1
ID55294,1
ID55295,1
ID55296,1
ID55297,1
ID55298,1
ID55299,1
ID55300,1
ID55301,1
ID55302,1
ID55303,1
ID55304,1
ID55305,1
ID55306,1
ID55307,1
ID55308,1
ID55309,1
ID55310,1
ID55311,1
ID55312,1
ID55313,1
ID55314,1
ID55315,1
ID55316,1
ID55317,1
ID55318,1
ID55319,1
ID55320,1
ID55321,1
ID55322,1
ID55323,1
ID55324,1
ID55325,1
ID55326,1
ID55327,1
ID55328,1
ID55329,1
ID55330,1
ID55331,1
ID55332,1
ID55333,1
ID55334,1
ID55335,1
ID55336,1
ID55337,1
ID55338,1
ID55339,1
ID55340,1
ID55341,1
ID55342,1
ID55343,1
ID55344,1
ID55345,1
ID55346,1
ID55347,1
ID55348,1
ID55349,1
ID55350,1
ID55351,1
ID55352,1
ID55353,1
ID55354,1
ID55355,1
ID55356,1
ID55357,1
ID55358,1
ID55359,1
ID55360,1
ID55361,1
ID55362,1
ID55363,1
ID55364,1
ID55365,1
ID55366,1
ID55367,1
ID55368,1
ID55369,1
ID55370,1
ID55371,1
ID55372,1
ID55373,1
ID55374,1
ID55375,1
ID55376,1
ID55377,1
ID55378,1
ID55379,1
ID55380,1
ID55381,1
ID55382,1
ID55383,1
ID55384,1
ID55385,1
ID55386,1
ID55387,1
ID55388,1
ID55389,1
ID55390,1
ID55391,1
ID55392,1
ID55393,1
ID55394,1
ID55395,1
ID55396,1
ID55397,1
ID55398,1
ID55399,1
ID55400,1
ID55401,1
ID55402,1
ID55403,1
ID55404,1
ID55405,1
ID55406,1
ID55407,1
ID55408,1
ID55409,1
ID55410,1
ID55411,1
ID55412,1
ID55413,1
ID55414,1
ID55415,1
ID55416,1
ID55417,1
ID55418,1
ID55419,1
ID55420,1
ID55421,1
ID55422,1
ID55423,1
ID55424,1
ID55425,1
ID55426,1
ID55427,1
ID55428,1
ID55429,1
ID55430,1
ID55431,1
ID55432,1
ID55433,1
ID55434,1
ID55435,1
ID55436,1
ID55437,1
ID55438,1
ID55439,1
ID55440,1
ID55441,1
ID55442,1
ID55443,1
ID55444,1
ID55445,1
ID55446,1
ID55447,1
ID55448,1
ID55449,1
ID55450,1
ID55451,1
ID55452,1
ID55453,1
ID55454,1
ID55455,1
ID55456,1
ID55457,1
ID55458,1
ID55459,1
ID55460,1
ID55461,1
ID55462,1
ID55463,1
ID55464,1
ID55465,1
ID55466,1
ID55467,1
ID55468,1
ID55469,1
ID55470,1
ID55471,1
ID55472,1
ID55473,1
ID55474,1
ID55475,1
ID55476,1
ID55477,1
ID55478,1
ID55479,1
ID55480,1
ID55481,1
ID55482,1
ID55483,1
ID55484,1
ID55485,1
ID55486,1
ID55487,1
ID55488,1
ID55489,1
ID55490,1
ID55491,1
ID55492,1
ID55493,1
ID55494,1
ID55495,1
ID55496,1
ID55497,1
ID55498,1
ID55499,1
ID55500,1
ID55501,1
ID55502,1
ID55503,1
ID55504,1
ID55505,1
ID55506,1
ID55507,1
ID55508,1
ID55509,1
ID55510,1
ID55511,1
ID55512,1
ID55513,1
ID55514,1
ID55515,1
ID55516,1
ID55517,1
ID55518,1
ID55519,1
ID55520,1
ID55521,1
ID55522,1
ID55523,1
ID55524,1
ID55525,1
ID55526,1
ID55527,1
ID55528,1
ID55529,1
ID55530,1
ID55531,1
ID55532,1
ID55533,1
ID55534,1
ID55535,1
ID55536,1
ID55537,1
ID55538,1
ID55539,1
ID55540,1
ID55541,1
ID55542,1
ID55543,1
ID55544,1
ID55545,1
ID55546,1
ID55547,1
ID55548,1
ID55549,1
ID55550,1
ID55551,1
ID55552,1
ID55553,1
ID55554,1
ID55555,1
ID55556,1
ID55557,1
ID55558,1
ID55559,1
ID55560,1
ID55561,1
ID55562,1
ID55563,1
ID55564,1
ID55565,1
ID55566,1
ID55567,1
ID55568,1
ID55569,1
ID55570,1
ID55571,1
ID55572,1
ID55573,1
ID55574,1
ID55575,1
ID55576,1
ID55577,1
ID55578,1
ID55579,1
ID55580,1
ID55581,1
ID55582,1
ID55583,1
ID55584,1
ID55585,1
ID55586,1
ID55587,1
ID55588,1
ID55589,1
ID55590,1
ID55591,1
ID55592,1
ID55593,1
ID55594,1
ID55595,1
ID55596,1
ID55597,1
ID55598,1
ID55599,1
ID55600,1
ID55601,1
ID55602,1
ID55603,1
ID55604,1
ID55605,1
ID55606,1
ID55607,1
ID55608,1
ID55609,1
ID55610,1
ID55611,1
ID55612,1
ID55613,1
ID55614,1
ID55615,1
ID55616,1
ID55617,1
ID55618,1
ID55619,1
ID55620,1
ID55621,1
ID55622,1
ID55623,1
ID55624,1
ID55625,1
ID55626,1
ID55627,1
ID55628,1
ID55629,1
ID55630,1
ID55631,1
ID55632,1
ID55633,1
ID55634,1
ID55635,1
ID55636,1
ID55637,1
ID55638,1
ID55639,1
ID55640,1
ID55641,1
ID55642,1
ID55643,1
ID55644,1
ID55645,1
ID55646,1
ID55647,1
ID55648,1
ID55649,1
ID55650,1
ID55651,1
ID55652,1
ID55653,1
ID55654,1
ID55655,1
ID55656,1
ID55657,1
ID55658,1
ID55659,1
ID55660,1
ID55661,1
ID55662,1
ID55663,1
ID55664,1
ID55665,1
ID55666,1
ID55667,1
ID55668,1
ID55669,1
ID55670,1
ID55671,1
ID55672,1
ID55673,1
ID55674,1
ID55675,1
ID55676,1
ID55677,1
ID55678,1
ID55679,1
ID55680,1
ID55681,1
ID55682,1
ID55683,1
ID55684,1
ID55685,1
ID55686,1
ID55687,1
ID55688,1
ID55689,1
ID55690,1
ID55691,1
ID55692,1
ID55693,1
ID55694,1
ID55695,1
ID55696,1
ID55697,1
ID55698,1
ID55699,1
ID55700,1
ID55701,1
ID55702,1
ID55703,1
ID55704,1
ID55705,1
ID55706,1
ID55707,1
ID55708,1
ID55709,1
ID55710,1
ID55711,1
ID55712,1
ID55713,1
ID55714,1
ID55715,1
ID55716,1
ID55717,1
ID55718,1
ID55719,1
ID55720,1
ID55721,1
ID55722,1
ID55723,1
ID55724,1
ID55725,1
ID55726,1
ID55727,1
ID55728,1
ID55729,1
ID55730,1
ID55731,1
ID55732,1
ID55733,1
ID55734,1
ID55735,1
ID55736,1
ID55737,1
ID55738,1
ID55739,1
ID55740,1
ID55741,1
ID55742,1
ID55743,1
ID55744,1
ID55745,1
ID55746,1
ID55747,1
ID55748,1
ID55749,1
ID55750,1
ID55751,1
ID55752,1
ID55753,1
ID55754,1
ID55755,1
ID55756,1
ID55757,1
ID55758,1
ID55759,1
ID55760,1
ID55761,1
ID55762,1
ID55763,1
ID55764,1
ID55765,1
ID55766,1
ID55767,1
ID55768,1
ID55769,1
ID55770,1
ID55771,1
ID55772,1
ID55773,1
ID55774,1
ID55775,1
ID55776,1
ID55777,1
ID55778,1
ID55779,1
ID55780,1
ID55781,1
ID55782,1
ID55783,1
ID55784,1
ID55785,1
ID55786,1
ID55787,1
ID55788,1
ID55789,1
ID55790,1
ID55791,1
ID55792,1
ID55793,1
ID55794,1
ID55795,1
ID55796,1
ID55797,1
ID55798,1
ID55799,1
ID55800,1
ID55801,1
ID55802,1
ID55803,1
ID55804,1
ID55805,1
ID55806,1
ID55807,1
ID55808,1
ID55809,1
ID55810,1
ID55811,1
ID55812,1
ID55813,1
ID55814,1
ID55815,1
ID55816,1
ID55817,1
ID55818,1
ID55819,1
ID55820,1
ID55821,1
ID55822,1
ID55823,1
ID55824,1
ID55825,1
ID55826,1
ID55827,1
ID55828,1
ID55829,1
ID55830,1
ID55831,1
ID55832,1
ID55833,1
ID55834,1
ID55835,1
ID55836,1
ID55837,1
ID55838,1
ID55839,1
ID55840,1
ID55841,1
ID55842,1
ID55843,1
ID55844,1
ID55845,1
ID55846,1
ID55847,1
ID55848,1
ID55849,1
ID55850,1
ID55851,1
ID55852,1
ID55853,1
ID55854,1
ID55855,1
ID55856,1
ID55857,1
ID55858,1
ID55859,1
ID55860,1
ID55861,1
ID55862,1
ID55863,1
ID55864,1
ID55865,1
ID55866,1
ID55867,1
ID55868,1
ID55869,1
ID55870,1
ID55871,1
ID55872,1
ID55873,1
ID55874,1
ID55875,1
ID55876,1
ID55877,1
ID55878,1
ID55879,1
ID55880,1
ID55881,1
ID55882,1
ID55883,1
ID55884,1
ID55885,1
ID55886,1
ID55887,1
ID55888,1
ID55889,1
ID55890,1
ID55891,1
ID55892,1
ID55893,1
ID55894,1
ID55895,1
ID55896,1
ID55897,1
ID55898,1
ID55899,1
ID55900,1
ID55901,1
ID55902,1
ID55903,1
ID55904,1
ID55905,1
ID55906,1
ID55907,1
ID55908,1
ID55909,1
ID55910,1
ID55911,1
ID55912,1
ID55913,1
ID55914,1
ID55915,1
ID55916,1
ID55917,1
ID55918,1
ID55919,1
ID55920,1
ID55921,1
ID55922,1
ID55923,1
ID55924,1
ID55925,1
ID55926,1
ID55927,1
ID55928,1
ID55929,1
ID55930,1
ID55931,1
ID55932,1
ID55933,1
ID55934,1
ID55935,1
ID55936,1
ID55937,1
ID55938,1
ID55939,1
ID55940,1
ID55941,1
ID55942,1
ID55943,1
ID55944,1
ID55945,1
ID55946,1
ID55947,1
ID55948,1
ID55949,1
ID55950,1
ID55951,1
ID55952,1
ID55953,1
ID55954,1
ID55955,1
ID55956,1
ID55957,1
ID55958,1
ID55959,1
ID55960,1
ID55961,1
ID55962,1
ID55963,1
ID55964,1
ID55965,1
ID55966,1
ID55967,1
ID55968,1
ID55969,1
ID55970,1
ID55971,1
ID55972,1
ID55973,1
ID55974,1
ID55975,1
ID55976,1
ID55977,1
ID55978,1
ID55979,1
ID55980,1
ID55981,1
ID55982,1
ID55983,1
ID55984,1
ID55985,1
ID55986,1
ID55987,1
ID55988,1
ID55989,1
ID55990,1
ID55991,1
ID55992,1
ID55993,1
ID55994,1
ID55995,1
ID55996,1
ID55997,1
ID55998,1
ID55999,1
ID56000,1
ID56001,1
ID56002,1
ID56003,1
ID56004,1
ID56005,1
ID56006,1
ID56007,1
ID56008,1
ID56009,1
ID56010,1
ID56011,1
ID56012,1
ID56013,1
ID56014,1
ID56015,1
ID56016,1
ID56017,1
ID56018,1
ID56019,1
ID56020,1
ID56021,1
ID56022,1
ID56023,1
ID56024,1
ID56025,1
ID56026,1
ID56027,1
ID56028,1
ID56029,1
ID56030,1
ID56031,1
ID56032,1
ID56033,1
ID56034,1
ID56035,1
ID56036,1
ID56037,1
ID56038,1
ID56039,1
ID56040,1
ID56041,1
ID56042,1
ID56043,1
ID56044,1
ID56045,1
ID56046,1
ID56047,1
ID56048,1
ID56049,1
ID56050,1
ID56051,1
ID56052,1
ID56053,1
ID56054,1
ID56055,1
ID56056,1
ID56057,1
ID56058,1
ID56059,1
ID56060,1
ID56061,1
ID56062,1
ID56063,1
ID56064,1
ID56065,1
ID56066,1
ID56067,1
ID56068,1
ID56069,1
ID56070,1
ID56071,1
ID56072,1
ID56073,1
ID56074,1
ID56075,1
ID56076,1
ID56077,1
ID56078,1
ID56079,1
ID56080,1
ID56081,1
ID56082,1
ID56083,1
ID56084,1
ID56085,1
ID56086,1
ID56087,1
ID56088,1
ID56089,1
ID56090,1
ID56091,1
ID56092,1
ID56093,1
ID56094,1
ID56095,1
ID56096,1
ID56097,1
ID56098,1
ID56099,1
ID56100,1
ID56101,1
ID56102,1
ID56103,1
ID56104,1
ID56105,1
ID56106,1
ID56107,1
ID56108,1
ID56109,1
ID56110,1
ID56111,1
ID56112,1
ID56113,1
ID56114,1
ID56115,1
ID56116,1
ID56117,1
ID56118,1
ID56119,1
ID56120,1
ID56121,1
ID56122,1
ID56123,1
ID56124,1
ID56125,1
ID56126,1
ID56127,1
ID56128,1
ID56129,1
ID56130,1
ID56131,1
ID56132,1
ID56133,1
ID56134,1
ID56135,1
ID56136,1
ID56137,1
ID56138,1
ID56139,1
ID56140,1
ID56141,1
ID56142,1
ID56143,1
ID56144,1
ID56145,1
ID56146,1
ID56147,1
ID56148,1
ID56149,1
ID56150,1
ID56151,1
ID56152,1
ID56153,1
ID56154,1
ID56155,1
ID56156,1
ID56157,1
ID56158,1
ID56159,1
ID56160,1
ID56161,1
ID56162,1
ID56163,1
ID56164,1
ID56165,1
ID56166,1
ID56167,1
ID56168,1
ID56169,1
ID56170,1
ID56171,1
ID56172,1
ID56173,1
ID56174,1
ID56175,1
ID56176,1
ID56177,1
ID56178,1
ID56179,1
ID56180,1
ID56181,1
ID56182,1
ID56183,1
ID56184,1
ID56185,1
ID56186,1
ID56187,1
ID56188,1
ID56189,1
ID56190,1
ID56191,1
ID56192,1
ID56193,1
ID56194,1
ID56195,1
ID56196,1
ID56197,1
ID56198,1
ID56199,1
ID56200,1
ID56201,1
ID56202,1
ID56203,1
ID56204,1
ID56205,1
ID56206,1
ID56207,1
ID56208,1
ID56209,1
ID56210,1
ID56211,1
ID56212,1
ID56213,1
ID56214,1
ID56215,1
ID56216,1
ID56217,1
ID56218,1
ID56219,1
ID56220,1
ID56221,1
ID56222,1
ID56223,1
ID56224,1
ID56225,1
ID56226,1
ID56227,1
ID56228,1
ID56229,1
ID56230,1
ID56231,1
ID56232,1
ID56233,1
ID56234,1
ID56235,1
ID56236,1
ID56237,1
ID56238,1
ID56239,1
ID56240,1
ID56241,1
ID56242,1
ID56243,1
ID56244,1
ID56245,1
ID56246,1
ID56247,1
ID56248,1
ID56249,1
ID56250,1
ID56251,1
ID56252,1
ID56253,1
ID56254,1
ID56255,1
ID56256,1
ID56257,1
ID56258,1
ID56259,1
ID56260,1
ID56261,1
ID56262,1
ID56263,1
ID56264,1
ID56265,1
ID56266,1
ID56267,1
ID56268,1
ID56269,1
ID56270,1
ID56271,1
ID56272,1
ID56273,1
ID56274,1
ID56275,1
ID56276,1
ID56277,1
ID56278,1
ID56279,1
ID56280,1
ID56281,1
ID56282,1
ID56283,1
ID56284,1
ID56285,1
ID56286,1
ID56287,1
ID56288,1
ID56289,1
ID56290,1
ID56291,1
ID56292,1
ID56293,1
ID56294,1
ID56295,1
ID56296,1
ID56297,1
ID56298,1
ID56299,1
ID56300,1
ID56301,1
ID56302,1
ID56303,1
ID56304,1
ID56305,1
ID56306,1
ID56307,1
ID56308,1
ID56309,1
ID56310,1
ID56311,1
ID56312,1
ID56313,1
ID56314,1
ID56315,1
ID56316,1
ID56317,1
ID56318,1
ID56319,1
ID56320,1
ID56321,1
ID56322,1
ID56323,1
ID56324,1
ID56325,1
ID56326,1
ID56327,1
ID56328,1
ID56329,1
ID56330,1
ID56331,1
ID56332,1
ID56333,1
ID56334,1
ID56335,1
ID56336,1
ID56337,1
ID56338,1
ID56339,1
ID56340,1
ID56341,1
ID56342,1
ID56343,1
ID56344,1
ID56345,1
ID56346,1
ID56347,1
ID56348,1
ID56349,1
ID56350,1
ID56351,1
ID56352,1
ID56353,1
ID56354,1
ID56355,1
ID56356,1
ID56357,1
ID56358,1
ID56359,1
ID56360,1
ID56361,1
ID56362,1
ID56363,1
ID56364,1
ID56365,1
ID56366,1
ID56367,1
ID56368,1
ID56369,1
ID56370,1
ID56371,1
ID56372,1
ID56373,1
ID56374,1
ID56375,1
ID56376,1
ID56377,1
ID56378,1
ID56379,1
ID56380,1
ID56381,1
ID56382,1
ID56383,1
ID56384,1
ID56385,1
ID56386,1
ID56387,1
ID56388,1
ID56389,1
ID56390,1
ID56391,1
ID56392,1
ID56393,1
ID56394,1
ID56395,1
ID56396,1
ID56397,1
ID56398,1
ID56399,1
ID56400,1
ID56401,1
ID56402,1
ID56403,1
ID56404,1
ID56405,1
ID56406,1
ID56407,1
ID56408,1
ID56409,1
ID56410,1
ID56411,1
ID56412,1
ID56413,1
ID56414,1
ID56415,1
ID56416,1
ID56417,1
ID56418,1
ID56419,1
ID56420,1
ID56421,1
ID56422,1
ID56423,1
ID56424,1
ID56425,1
ID56426,1
ID56427,1
ID56428,1
ID56429,1
ID56430,1
ID56431,1
ID56432,1
ID56433,1
ID56434,1
ID56435,1
ID56436,1
ID56437,1
ID56438,1
ID56439,1
ID56440,1
ID56441,1
ID56442,1
ID56443,1
ID56444,1
ID56445,1
ID56446,1
ID56447,1
ID56448,1
ID56449,1
ID56450,1
ID56451,1
ID56452,1
ID56453,1
ID56454,1
ID56455,1
ID56456,1
ID56457,1
ID56458,1
ID56459,1
ID56460,1
ID56461,1
ID56462,1
ID56463,1
ID56464,1
ID56465,1
ID56466,1
ID56467,1
ID56468,1
ID56469,1
ID56470,1
ID56471,1
ID56472,1
ID56473,1
ID56474,1
ID56475,1
ID56476,1
ID56477,1
ID56478,1
ID56479,1
ID56480,1
ID56481,1
ID56482,1
ID56483,1
ID56484,1
ID56485,1
ID56486,1
ID56487,1
ID56488,1
ID56489,1
ID56490,1
ID56491,1
ID56492,1
ID56493,1
ID56494,1
ID56495,1
ID56496,1
ID56497,1
ID56498,1
ID56499,1
ID56500,1
ID56501,1
ID56502,1
ID56503,1
ID56504,1
ID56505,1
ID56506,1
ID56507,1
ID56508,1
ID56509,1
ID56510,1
ID56511,1
ID56512,1
ID56513,1
ID56514,1
ID56515,1
ID56516,1
ID56517,1
ID56518,1
ID56519,1
ID56520,1
ID56521,1
ID56522,1
ID56523,1
ID56524,1
ID56525,1
ID56526,1
ID56527,1
ID56528,1
ID56529,1
ID56530,1
ID56531,1
ID56532,1
ID56533,1
ID56534,1
ID56535,1
ID56536,1
ID56537,1
ID56538,1
ID56539,1
ID56540,1
ID56541,1
ID56542,1
ID56543,1
ID56544,1
ID56545,1
ID56546,1
ID56547,1
ID56548,1
ID56549,1
ID56550,1
ID56551,1
ID56552,1
ID56553,1
ID56554,1
ID56555,1
ID56556,1
ID56557,1
ID56558,1
ID56559,1
ID56560,1
ID56561,1
ID56562,1
ID56563,1
ID56564,1
ID56565,1
ID56566,1
ID56567,1
ID56568,1
ID56569,1
ID56570,1
ID56571,1
ID56572,1
ID56573,1
ID56574,1
ID56575,1
ID56576,1
ID56577,1
ID56578,1
ID56579,1
ID56580,1
ID56581,1
ID56582,1
ID56583,1
ID56584,1
ID56585,1
ID56586,1
ID56587,1
ID56588,1
ID56589,1
ID56590,1
ID56591,1
ID56592,1
ID56593,1
ID56594,1
ID56595,1
ID56596,1
ID56597,1
ID56598,1
ID56599,1
ID56600,1
ID56601,1
ID56602,1
ID56603,1
ID56604,1
ID56605,1
ID56606,1
ID56607,1
ID56608,1
ID56609,1
ID56610,1
ID56611,1
ID56612,1
ID56613,1
ID56614,1
ID56615,1
ID56616,1
ID56617,1
ID56618,1
ID56619,1
ID56620,1
ID56621,1
ID56622,1
ID56623,1
ID56624,1
ID56625,1
ID56626,1
ID56627,1
ID56628,1
ID56629,1
ID56630,1
ID56631,1
ID56632,1
ID56633,1
ID56634,1
ID56635,1
ID56636,1
ID56637,1
ID56638,1
ID56639,1
ID56640,1
ID56641,1
ID56642,1
ID56643,1
ID56644,1
ID56645,1
ID56646,1
ID56647,1
ID56648,1
ID56649,1
ID56650,1
ID56651,1
ID56652,1
ID56653,1
ID56654,1
ID56655,1
ID56656,1
ID56657,1
ID56658,1
ID56659,1
ID56660,1
ID56661,1
ID56662,1
ID56663,1
ID56664,1
ID56665,1
ID56666,1
ID56667,1
ID56668,1
ID56669,1
ID56670,1
ID56671,1
ID56672,1
ID56673,1
ID56674,1
ID56675,1
ID56676,1
ID56677,1
ID56678,1
ID56679,1
ID56680,1
ID56681,1
ID56682,1
ID56683,1
ID56684,1
ID56685,1
ID56686,1
ID56687,1
ID56688,1
ID56689,1
ID56690,1
ID56691,1
ID56692,1
ID56693,1
ID56694,1
ID56695,1
ID56696,1
ID56697,1
ID56698,1
ID56699,1
ID56700,1
ID56701,1
ID56702,1
ID56703,1
ID56704,1
ID56705,1
ID56706,1
ID56707,1
ID56708,1
ID56709,1
ID56710,1
ID56711,1
ID56712,1
ID56713,1
ID56714,1
ID56715,1
ID56716,1
ID56717,1
ID56718,1
ID56719,1
ID56720,1
ID56721,1
ID56722,1
ID56723,1
ID56724,1
ID56725,1
ID56726,1
ID56727,1
ID56728,1
ID56729,1
ID56730,1
ID56731,1
ID56732,1
ID56733,1
ID56734,1
ID56735,1
ID56736,1
ID56737,1
ID56738,1
ID56739,1
ID56740,1
ID56741,1
ID56742,1
ID56743,1
ID56744,1
ID56745,1
ID56746,1
ID56747,1
ID56748,1
ID56749,1
ID56750,1
ID56751,1
ID56752,1
ID56753,1
ID56754,1
ID56755,1
ID56756,1
ID56757,1
ID56758,1
ID56759,1
ID56760,1
ID56761,1
ID56762,1
ID56763,1
ID56764,1
ID56765,1
ID56766,1
ID56767,1
ID56768,1
ID56769,1
ID56770,1
ID56771,1
ID56772,1
ID56773,1
ID56774,1
ID56775,1
ID56776,1
ID56777,1
ID56778,1
ID56779,1
ID56780,1
ID56781,1
ID56782,1
ID56783,1
ID56784,1
ID56785,1
ID56786,1
ID56787,1
ID56788,1
ID56789,1
ID56790,1
ID56791,1
ID56792,1
ID56793,1
ID56794,1
ID56795,1
ID56796,1
ID56797,1
ID56798,1
ID56799,1
ID56800,1
ID56801,1
ID56802,1
ID56803,1
ID56804,1
ID56805,1
ID56806,1
ID56807,1
ID56808,1
ID56809,1
ID56810,1
ID56811,1
ID56812,1
ID56813,1
ID56814,1
ID56815,1
ID56816,1
ID56817,1
ID56818,1
ID56819,1
ID56820,1
ID56821,1
ID56822,1
ID56823,1
ID56824,1
ID56825,1
ID56826,1
ID56827,1
ID56828,1
ID56829,1
ID56830,1
ID56831,1
ID56832,1
ID56833,1
ID56834,1
ID56835,1
ID56836,1
ID56837,1
ID56838,1
ID56839,1
ID56840,1
ID56841,1
ID56842,1
ID56843,1
ID56844,1
ID56845,1
ID56846,1
ID56847,1
ID56848,1
ID56849,1
ID56850,1
ID56851,1
ID56852,1
ID56853,1
ID56854,1
ID56855,1
ID56856,1
ID56857,1
ID56858,1
ID56859,1
ID56860,1
ID56861,1
ID56862,1
ID56863,1
ID56864,1
ID56865,1
ID56866,1
ID56867,1
ID56868,1
ID56869,1
ID56870,1
ID56871,1
ID56872,1
ID56873,1
ID56874,1
ID56875,1
ID56876,1
ID56877,1
ID56878,1
ID56879,1
ID56880,1
ID56881,1
ID56882,1
ID56883,1
ID56884,1
ID56885,1
ID56886,1
ID56887,1
ID56888,1
ID56889,1
ID56890,1
ID56891,1
ID56892,1
ID56893,1
ID56894,1
ID56895,1
ID56896,1
ID56897,1
ID56898,1
ID56899,1
ID56900,1
ID56901,1
ID56902,1
ID56903,1
ID56904,1
ID56905,1
ID56906,1
ID56907,1
ID56908,1
ID56909,1
ID56910,1
ID56911,1
ID56912,1
ID56913,1
ID56914,1
ID56915,1
ID56916,1
ID56917,1
ID56918,1
ID56919,1
ID56920,1
ID56921,1
ID56922,1
ID56923,1
ID56924,1
ID56925,1
ID56926,1
ID56927,1
ID56928,1
ID56929,1
ID56930,1
ID56931,1
ID56932,1
ID56933,1
ID56934,1
ID56935,1
ID56936,1
ID56937,1
ID56938,1
ID56939,1
ID56940,1
ID56941,1
ID56942,1
ID56943,1
ID56944,1
ID56945,1
ID56946,1
ID56947,1
ID56948,1
ID56949,1
ID56950,1
ID56951,1
ID56952,1
ID56953,1
ID56954,1
ID56955,1
ID56956,1
ID56957,1
ID56958,1
ID56959,1
ID56960,1
ID56961,1
ID56962,1
ID56963,1
ID56964,1
ID56965,1
ID56966,1
ID56967,1
ID56968,1
ID56969,1
ID56970,1
ID56971,1
ID56972,1
ID56973,1
ID56974,1
ID56975,1
ID56976,1
ID56977,1
ID56978,1
ID56979,1
ID56980,1
ID56981,1
ID56982,1
ID56983,1
ID56984,1
ID56985,1
ID56986,1
ID56987,1
ID56988,1
ID56989,1
ID56990,1
ID56991,1
ID56992,1
ID56993,1
ID56994,1
ID56995,1
ID56996,1
ID56997,1
ID56998,1
ID56999,1
ID57000,1
ID57001,1
ID57002,1
ID57003,1
ID57004,1
ID57005,1
ID57006,1
ID57007,1
ID57008,1
ID57009,1
ID57010,1
ID57011,1
ID57012,1
ID57013,1
ID57014,1
ID57015,1
ID57016,1
ID57017,1
ID57018,1
ID57019,1
ID57020,1
ID57021,1
ID57022,1
ID57023,1
ID57024,1
ID57025,1
ID57026,1
ID57027,1
ID57028,1
ID57029,1
ID57030,1
ID57031,1
ID57032,1
ID57033,1
ID57034,1
ID57035,1
ID57036,1
ID57037,1
ID57038,1
ID57039,1
ID57040,1
ID57041,1
ID57042,1
ID57043,1
ID57044,1
ID57045,1
ID57046,1
ID57047,1
ID57048,1
ID57049,1
ID57050,1
ID57051,1
ID57052,1
ID57053,1
ID57054,1
ID57055,1
ID57056,1
ID57057,1
ID57058,1
ID57059,1
ID57060,1
ID57061,1
ID57062,1
ID57063,1
ID57064,1
ID57065,1
ID57066,1
ID57067,1
ID57068,1
ID57069,1
ID57070,1
ID57071,1
ID57072,1
ID57073,1
ID57074,1
ID57075,1
ID57076,1
ID57077,1
ID57078,1
ID57079,1
ID57080,1
ID57081,1
ID57082,1
ID57083,1
ID57084,1
ID57085,1
ID57086,1
ID57087,1
ID57088,1
ID57089,1
ID57090,1
ID57091,1
ID57092,1
ID57093,1
ID57094,1
ID57095,1
ID57096,1
ID57097,1
ID57098,1
ID57099,1
ID57100,1
ID57101,1
ID57102,1
ID57103,1
ID57104,1
ID57105,1
ID57106,1
ID57107,1
ID57108,1
ID57109,1
ID57110,1
ID57111,1
ID57112,1
ID57113,1
ID57114,1
ID57115,1
ID57116,1
ID57117,1
ID57118,1
ID57119,1
ID57120,1
ID57121,1
ID57122,1
ID57123,1
ID57124,1
ID57125,1
ID57126,1
ID57127,1
ID57128,1
ID57129,1
ID57130,1
ID57131,1
ID57132,1
ID57133,1
ID57134,1
ID57135,1
ID57136,1
ID57137,1
ID57138,1
ID57139,1
ID57140,1
ID57141,1
ID57142,1
ID57143,1
ID57144,1
ID57145,1
ID57146,1
ID57147,1
ID57148,1
ID57149,1
ID57150,1
ID57151,1
ID57152,1
ID57153,1
ID57154,1
ID57155,1
ID57156,1
ID57157,1
ID57158,1
ID57159,1
ID57160,1
ID57161,1
ID57162,1
ID57163,1
ID57164,1
ID57165,1
ID57166,1
ID57167,1
ID57168,1
ID57169,1
ID57170,1
ID57171,1
ID57172,1
ID57173,1
ID57174,1
ID57175,1
ID57176,1
ID57177,1
ID57178,1
ID57179,1
ID57180,1
ID57181,1
ID57182,1
ID57183,1
ID57184,1
ID57185,1
ID57186,1
ID57187,1
ID57188,1
ID57189,1
ID57190,1
ID57191,1
ID57192,1
ID57193,1
ID57194,1
ID57195,1
ID57196,1
ID57197,1
ID57198,1
ID57199,1
ID57200,1
ID57201,1
ID57202,1
ID57203,1
ID57204,1
ID57205,1
ID57206,1
ID57207,1
ID57208,1
ID57209,1
ID57210,1
ID57211,1
ID57212,1
ID57213,1
ID57214,1
ID57215,1
ID57216,1
ID57217,1
ID57218,1
ID57219,1
ID57220,1
ID57221,1
ID57222,1
ID57223,1
ID57224,1
ID57225,1
ID57226,1
ID57227,1
ID57228,1
ID57229,1
ID57230,1
ID57231,1
ID57232,1
ID57233,1
ID57234,1
ID57235,1
ID57236,1
ID57237,1
ID57238,1
ID57239,1
ID57240,1
ID57241,1
ID57242,1
ID57243,1
ID57244,1
ID57245,1
ID57246,1
ID57247,1
ID57248,1
ID57249,1
ID57250,1
ID57251,1
ID57252,1
ID57253,1
ID57254,1
ID57255,1
ID57256,1
ID57257,1
ID57258,1
ID57259,1
ID57260,1
ID57261,1
ID57262,1
ID57263,1
ID57264,1
ID57265,1
ID57266,1
ID57267,1
ID57268,1
ID57269,1
ID57270,1
ID57271,1
ID57272,1
ID57273,1
ID57274,1
ID57275,1
ID57276,1
ID57277,1
ID57278,1
ID57279,1
ID57280,1
ID57281,1
ID57282,1
ID57283,1
ID57284,1
ID57285,1
ID57286,1
ID57287,1
ID57288,1
ID57289,1
ID57290,1
ID57291,1
ID57292,1
ID57293,1
ID57294,1
ID57295,1
ID57296,1
ID57297,1
ID57298,1
ID57299,1
ID57300,1
ID57301,1
ID57302,1
ID57303,1
ID57304,1
ID57305,1
ID57306,1
ID57307,1
ID57308,1
ID57309,1
ID57310,1
ID57311,1
ID57312,1
ID57313,1
ID57314,1
ID57315,1
ID57316,1
ID57317,1
ID57318,1
ID57319,1
ID57320,1
ID57321,1
ID57322,1
ID57323,1
ID57324,1
ID57325,1
ID57326,1
ID57327,1
ID57328,1
ID57329,1
ID57330,1
ID57331,1
ID57332,1
ID57333,1
ID57334,1
ID57335,1
ID57336,1
ID57337,1
ID57338,1
ID57339,1
ID57340,1
ID57341,1
ID57342,1
ID57343,1
ID57344,1
ID57345,1
ID57346,1
ID57347,1
ID57348,1
ID57349,1
ID57350,1
ID57351,1
ID57352,1
ID57353,1
ID57354,1
ID57355,1
ID57356,1
ID57357,1
ID57358,1
ID57359,1
ID57360,1
ID57361,1
ID57362,1
ID57363,1
ID57364,1
ID57365,1
ID57366,1
ID57367,1
ID57368,1
ID57369,1
ID57370,1
ID57371,1
ID57372,1
ID57373,1
ID57374,1
ID57375,1
ID57376,1
ID57377,1
ID57378,1
ID57379,1
ID57380,1
ID57381,1
ID57382,1
ID57383,1
ID57384,1
ID57385,1
ID57386,1
ID57387,1
ID57388,1
ID57389,1
ID57390,1
ID57391,1
ID57392,1
ID57393,1
ID57394,1
ID57395,1
ID57396,1
ID57397,1
ID57398,1
ID57399,1
ID57400,1
ID57401,1
ID57402,1
ID57403,1
ID57404,1
ID57405,1
ID57406,1
ID57407,1
ID57408,1
ID57409,1
ID57410,1
ID57411,1
ID57412,1
ID57413,1
ID57414,1
ID57415,1
ID57416,1
ID57417,1
ID57418,1
ID57419,1
ID57420,1
ID57421,1
ID57422,1
ID57423,1
ID57424,1
ID57425,1
ID57426,1
ID57427,1
ID57428,1
ID57429,1
ID57430,1
ID57431,1
ID57432,1
ID57433,1
ID57434,1
ID57435,1
ID57436,1
ID57437,1
ID57438,1
ID57439,1
ID57440,1
ID57441,1
ID57442,1
ID57443,1
ID57444,1
ID57445,1
ID57446,1
ID57447,1
ID57448,1
ID57449,1
ID57450,1
ID57451,1
ID57452,1
ID57453,1
ID57454,1
ID57455,1
ID57456,1
ID57457,1
ID57458,1
ID57459,1
ID57460,1
ID57461,1
ID57462,1
ID57463,1
ID57464,1
ID57465,1
ID57466,1
ID57467,1
ID57468,1
ID57469,1
ID57470,1
ID57471,1
ID57472,1
ID57473,1
ID57474,1
ID57475,1
ID57476,1
ID57477,1
ID57478,1
ID57479,1
ID57480,1
ID57481,1
ID57482,1
ID57483,1
ID57484,1
ID57485,1
ID57486,1
ID57487,1
ID57488,1
ID57489,1
ID57490,1
ID57491,1
ID57492,1
ID57493,1
ID57494,1
ID57495,1
ID57496,1
ID57497,1
ID57498,1
ID57499,1
ID57500,1
ID57501,1
ID57502,1
ID57503,1
ID57504,1
ID57505,1
ID57506,1
ID57507,1
ID57508,1
ID57509,1
ID57510,1
ID57511,1
ID57512,1
ID57513,1
ID57514,1
ID57515,1
ID57516,1
ID57517,1
ID57518,1
ID57519,1
ID57520,1
ID57521,1
ID57522,1
ID57523,1
ID57524,1
ID57525,1
ID57526,1
ID57527,1
ID57528,1
ID57529,1
ID57530,1
ID57531,1
ID57532,1
ID57533,1
ID57534,1
ID57535,1
ID57536,1
ID57537,1
ID57538,1
ID57539,1
ID57540,1
ID57541,1
ID57542,1
ID57543,1
ID57544,1
ID57545,1
ID57546,1
ID57547,1
ID57548,1
ID57549,1
ID57550,1
ID57551,1
ID57552,1
ID57553,1
ID57554,1
ID57555,1
ID57556,1
ID57557,1
ID57558,1
ID57559,1
ID57560,1
ID57561,1
ID57562,1
ID57563,1
ID57564,1
ID57565,1
ID57566,1
ID57567,1
ID57568,1
ID57569,1
ID57570,1
ID57571,1
ID57572,1
ID57573,1
ID57574,1
ID57575,1
ID57576,1
ID57577,1
ID57578,1
ID57579,1
ID57580,1
ID57581,1
ID57582,1
ID57583,1
ID57584,1
ID57585,1
ID57586,1
ID57587,1
ID57588,1
ID57589,1
ID57590,1
ID57591,1
ID57592,1
ID57593,1
ID57594,1
ID57595,1
ID57596,1
ID57597,1
ID57598,1
ID57599,1
ID57600,1
ID57601,1
ID57602,1
ID57603,1
ID57604,1
ID57605,1
ID57606,1
ID57607,1
ID57608,1
ID57609,1
ID57610,1
ID57611,1
ID57612,1
ID57613,1
ID57614,1
ID57615,1
ID57616,1
ID57617,1
ID57618,1
ID57619,1
ID57620,1
ID57621,1
ID57622,1
ID57623,1
ID57624,1
ID57625,1
ID57626,1
ID57627,1
ID57628,1
ID57629,1
ID57630,1
ID57631,1
ID57632,1
ID57633,1
ID57634,1
ID57635,1
ID57636,1
ID57637,1
ID57638,1
ID57639,1
ID57640,1
ID57641,1
ID57642,1
ID57643,1
ID57644,1
ID57645,1
ID57646,1
ID57647,1
ID57648,1
ID57649,1
ID57650,1
ID57651,1
ID57652,1
ID57653,1
ID57654,1
ID57655,1
ID57656,1
ID57657,1
ID57658,1
ID57659,1
ID57660,1
ID57661,1
ID57662,1
ID57663,1
ID57664,1
ID57665,1
ID57666,1
ID57667,1
ID57668,1
ID57669,1
ID57670,1
ID57671,1
ID57672,1
ID57673,1
ID57674,1
ID57675,1
ID57676,1
ID57677,1
ID57678,1
ID57679,1
ID57680,1
ID57681,1
ID57682,1
ID57683,1
ID57684,1
ID57685,1
ID57686,1
ID57687,1
ID57688,1
ID57689,1
ID57690,1
ID57691,1
ID57692,1
ID57693,1
ID57694,1
ID57695,1
ID57696,1
ID57697,1
ID57698,1
ID57699,1
ID57700,1
ID57701,1
ID57702,1
ID57703,1
ID57704,1
ID57705,1
ID57706,1
ID57707,1
ID57708,1
ID57709,1
ID57710,1
ID57711,1
ID57712,1
ID57713,1
ID57714,1
ID57715,1
ID57716,1
ID57717,1
ID57718,1
ID57719,1
ID57720,1
ID57721,1
ID57722,1
ID57723,1
ID57724,1
ID57725,1
ID57726,1
ID57727,1
ID57728,1
ID57729,1
ID57730,1
ID57731,1
ID57732,1
ID57733,1
ID57734,1
ID57735,1
ID57736,1
ID57737,1
ID57738,1
ID57739,1
ID57740,1
ID57741,1
ID57742,1
ID57743,1
ID57744,1
ID57745,1
ID57746,1
ID57747,1
ID57748,1
ID57749,1
ID57750,1
ID57751,1
ID57752,1
ID57753,1
ID57754,1
ID57755,1
ID57756,1
ID57757,1
ID57758,1
ID57759,1
ID57760,1
ID57761,1
ID57762,1
ID57763,1
ID57764,1
ID57765,1
ID57766,1
ID57767,1
ID57768,1
ID57769,1
ID57770,1
ID57771,1
ID57772,1
ID57773,1
ID57774,1
ID57775,1
ID57776,1
ID57777,1
ID57778,1
ID57779,1
ID57780,1
ID57781,1
ID57782,1
ID57783,1
ID57784,1
ID57785,1
ID57786,1
ID57787,1
ID57788,1
ID57789,1
ID57790,1
ID57791,1
ID57792,1
ID57793,1
ID57794,1
ID57795,1
ID57796,1
ID57797,1
ID57798,1
ID57799,1
ID57800,1
ID57801,1
ID57802,1
ID57803,1
ID57804,1
ID57805,1
ID57806,1
ID57807,1
ID57808,1
ID57809,1
ID57810,1
ID57811,1
ID57812,1
ID57813,1
ID57814,1
ID57815,1
ID57816,1
ID57817,1
ID57818,1
ID57819,1
ID57820,1
ID57821,1
ID57822,1
ID57823,1
ID57824,1
ID57825,1
ID57826,1
ID57827,1
ID57828,1
ID57829,1
ID57830,1
ID57831,1
ID57832,1
ID57833,1
ID57834,1
ID57835,1
ID57836,1
ID57837,1
ID57838,1
ID57839,1
ID57840,1
ID57841,1
ID57842,1
ID57843,1
ID57844,1
ID57845,1
ID57846,1
ID57847,1
ID57848,1
ID57849,1
ID57850,1
ID57851,1
ID57852,1
ID57853,1
ID57854,1
ID57855,1
ID57856,1
ID57857,1
ID57858,1
ID57859,1
ID57860,1
ID57861,1
ID57862,1
ID57863,1
ID57864,1
ID57865,1
ID57866,1
ID57867,1
ID57868,1
ID57869,1
ID57870,1
ID57871,1
ID57872,1
ID57873,1
ID57874,1
ID57875,1
ID57876,1
ID57877,1
ID57878,1
ID57879,1
ID57880,1
ID57881,1
ID57882,1
ID57883,1
ID57884,1
ID57885,1
ID57886,1
ID57887,1
ID57888,1
ID57889,1
ID57890,1
ID57891,1
ID57892,1
ID57893,1
ID57894,1
ID57895,1
ID57896,1
ID57897,1
ID57898,1
ID57899,1
ID57900,1
ID57901,1
ID57902,1
ID57903,1
ID57904,1
ID57905,1
ID57906,1
ID57907,1
ID57908,1
ID57909,1
ID57910,1
ID57911,1
ID57912,1
ID57913,1
ID57914,1
ID57915,1
ID57916,1
ID57917,1
ID57918,1
ID57919,1
ID57920,1
ID57921,1
ID57922,1
ID57923,1
ID57924,1
ID57925,1
ID57926,1
ID57927,1
ID57928,1
ID57929,1
ID57930,1
ID57931,1
ID57932,1
ID57933,1
ID57934,1
ID57935,1
ID57936,1
ID57937,1
ID57938,1
ID57939,1
ID57940,1
ID57941,1
ID57942,1
ID57943,1
ID57944,1
ID57945,1
ID57946,1
ID57947,1
ID57948,1
ID57949,1
ID57950,1
ID57951,1
ID57952,1
ID57953,1
ID57954,1
ID57955,1
ID57956,1
ID57957,1
ID57958,1
ID57959,1
ID57960,1
ID57961,1
ID57962,1
ID57963,1
ID57964,1
ID57965,1
ID57966,1
ID57967,1
ID57968,1
ID57969,1
ID57970,1
ID57971,1
ID57972,1
ID57973,1
ID57974,1
ID57975,1
ID57976,1
ID57977,1
ID57978,1
ID57979,1
ID57980,1
ID57981,1
ID57982,1
ID57983,1
ID57984,1
ID57985,1
ID57986,1
ID57987,1
ID57988,1
ID57989,1
ID57990,1
ID57991,1
ID57992,1
ID57993,1
ID57994,1
ID57995,1
ID57996,1
ID57997,1
ID57998,1
ID57999,1
ID58000,1
ID58001,1
ID58002,1
ID58003,1
ID58004,1
ID58005,1
ID58006,1
ID58007,1
ID58008,1
ID58009,1
ID58010,1
ID58011,1
ID58012,1
ID58013,1
ID58014,1
ID58015,1
ID58016,1
ID58017,1
ID58018,1
ID58019,1
ID58020,1
ID58021,1
ID58022,1
ID58023,1
ID58024,1
ID58025,1
ID58026,1
ID58027,1
ID58028,1
ID58029,1
ID58030,1
ID58031,1
ID58032,1
ID58033,1
ID58034,1
ID58035,1
ID58036,1
ID58037,1
ID58038,1
ID58039,1
ID58040,1
ID58041,1
ID58042,1
ID58043,1
ID58044,1
ID58045,1
ID58046,1
ID58047,1
ID58048,1
ID58049,1
ID58050,1
ID58051,1
ID58052,1
ID58053,1
ID58054,1
ID58055,1
ID58056,1
ID58057,1
ID58058,1
ID58059,1
ID58060,1
ID58061,1
ID58062,1
ID58063,1
ID58064,1
ID58065,1
ID58066,1
ID58067,1
ID58068,1
ID58069,1
ID58070,1
ID58071,1
ID58072,1
ID58073,1
ID58074,1
ID58075,1
ID58076,1
ID58077,1
ID58078,1
ID58079,1
ID58080,1
ID58081,1
ID58082,1
ID58083,1
ID58084,1
ID58085,1
ID58086,1
ID58087,1
ID58088,1
ID58089,1
ID58090,1
ID58091,1
ID58092,1
ID58093,1
ID58094,1
ID58095,1
ID58096,1
ID58097,1
ID58098,1
ID58099,1
ID58100,1
ID58101,1
ID58102,1
ID58103,1
ID58104,1
ID58105,1
ID58106,1
ID58107,1
ID58108,1
ID58109,1
ID58110,1
ID58111,1
ID58112,1
ID58113,1
ID58114,1
ID58115,1
ID58116,1
ID58117,1
ID58118,1
ID58119,1
ID58120,1
ID58121,1
ID58122,1
ID58123,1
ID58124,1
ID58125,1
ID58126,1
ID58127,1
ID58128,1
ID58129,1
ID58130,1
ID58131,1
ID58132,1
ID58133,1
ID58134,1
ID58135,1
ID58136,1
ID58137,1
ID58138,1
ID58139,1
ID58140,1
ID58141,1
ID58142,1
ID58143,1
ID58144,1
ID58145,1
ID58146,1
ID58147,1
ID58148,1
ID58149,1
ID58150,1
ID58151,1
ID58152,1
ID58153,1
ID58154,1
ID58155,1
ID58156,1
ID58157,1
ID58158,1
ID58159,1
ID58160,1
ID58161,1
ID58162,1
ID58163,1
ID58164,1
ID58165,1
ID58166,1
ID58167,1
ID58168,1
ID58169,1
ID58170,1
ID58171,1
ID58172,1
ID58173,1
ID58174,1
ID58175,1
ID58176,1
ID58177,1
ID58178,1
ID58179,1
ID58180,1
ID58181,1
ID58182,1
ID58183,1
ID58184,1
ID58185,1
ID58186,1
ID58187,1
ID58188,1
ID58189,1
ID58190,1
ID58191,1
ID58192,1
ID58193,1
ID58194,1
ID58195,1
ID58196,1
ID58197,1
ID58198,1
ID58199,1
ID58200,1
ID58201,1
ID58202,1
ID58203,1
ID58204,1
ID58205,1
ID58206,1
ID58207,1
ID58208,1
ID58209,1
ID58210,1
ID58211,1
ID58212,1
ID58213,1
ID58214,1
ID58215,1
ID58216,1
ID58217,1
ID58218,1
ID58219,1
ID58220,1
ID58221,1
ID58222,1
ID58223,1
ID58224,1
ID58225,1
ID58226,1
ID58227,1
ID58228,1
ID58229,1
ID58230,1
ID58231,1
ID58232,1
ID58233,1
ID58234,1
ID58235,1
ID58236,1
ID58237,1
ID58238,1
ID58239,1
ID58240,1
ID58241,1
ID58242,1
ID58243,1
ID58244,1
ID58245,1
ID58246,1
ID58247,1
ID58248,1
ID58249,1
ID58250,1
ID58251,1
ID58252,1
ID58253,1
ID58254,1
ID58255,1
ID58256,1
ID58257,1
ID58258,1
ID58259,1
ID58260,1
ID58261,1
ID58262,1
ID58263,1
ID58264,1
ID58265,1
ID58266,1
ID58267,1
ID58268,1
ID58269,1
ID58270,1
ID58271,1
ID58272,1
ID58273,1
ID58274,1
ID58275,1
ID58276,1
ID58277,1
ID58278,1
ID58279,1
ID58280,1
ID58281,1
ID58282,1
ID58283,1
ID58284,1
ID58285,1
ID58286,1
ID58287,1
ID58288,1
ID58289,1
ID58290,1
ID58291,1
ID58292,1
ID58293,1
ID58294,1
ID58295,1
ID58296,1
ID58297,1
ID58298,1
ID58299,1
ID58300,1
ID58301,1
ID58302,1
ID58303,1
ID58304,1
ID58305,1
ID58306,1
ID58307,1
ID58308,1
ID58309,1
ID58310,1
ID58311,1
ID58312,1
ID58313,1
ID58314,1
ID58315,1
ID58316,1
ID58317,1
ID58318,1
ID58319,1
ID58320,1
ID58321,1
ID58322,1
ID58323,1
ID58324,1
ID58325,1
ID58326,1
ID58327,1
ID58328,1
ID58329,1
ID58330,1
ID58331,1
ID58332,1
ID58333,1
ID58334,1
ID58335,1
ID58336,1
ID58337,1
ID58338,1
ID58339,1
ID58340,1
ID58341,1
ID58342,1
ID58343,1
ID58344,1
ID58345,1
ID58346,1
ID58347,1
ID58348,1
ID58349,1
ID58350,1
ID58351,1
ID58352,1
ID58353,1
ID58354,1
ID58355,1
ID58356,1
ID58357,1
ID58358,1
ID58359,1
ID58360,1
ID58361,1
ID58362,1
ID58363,1
ID58364,1
ID58365,1
ID58366,1
ID58367,1
ID58368,1
ID58369,1
ID58370,1
ID58371,1
ID58372,1
ID58373,1
ID58374,1
ID58375,1
ID58376,1
ID58377,1
ID58378,1
ID58379,1
ID58380,1
ID58381,1
ID58382,1
ID58383,1
ID58384,1
ID58385,1
ID58386,1
ID58387,1
ID58388,1
ID58389,1
ID58390,1
ID58391,1
ID58392,1
ID58393,1
ID58394,1
ID58395,1
ID58396,1
ID58397,1
ID58398,1
ID58399,1
ID58400,1
ID58401,1
ID58402,1
ID58403,1
ID58404,1
ID58405,1
ID58406,1
ID58407,1
ID58408,1
ID58409,1
ID58410,1
ID58411,1
ID58412,1
ID58413,1
ID58414,1
ID58415,1
ID58416,1
ID58417,1
ID58418,1
ID58419,1
ID58420,1
ID58421,1
ID58422,1
ID58423,1
ID58424,1
ID58425,1
ID58426,1
ID58427,1
ID58428,1
ID58429,1
ID58430,1
ID58431,1
ID58432,1
ID58433,1
ID58434,1
ID58435,1
ID58436,1
ID58437,1
ID58438,1
ID58439,1
ID58440,1
ID58441,1
ID58442,1
ID58443,1
ID58444,1
ID58445,1
ID58446,1
ID58447,1
ID58448,1
ID58449,1
ID58450,1
ID58451,1
ID58452,1
ID58453,1
ID58454,1
ID58455,1
ID58456,1
ID58457,1
ID58458,1
ID58459,1
ID58460,1
ID58461,1
ID58462,1
ID58463,1
ID58464,1
ID58465,1
ID58466,1
ID58467,1
ID58468,1
ID58469,1
ID58470,1
ID58471,1
ID58472,1
ID58473,1
ID58474,1
ID58475,1
ID58476,1
ID58477,1
ID58478,1
ID58479,1
ID58480,1
ID58481,1
ID58482,1
ID58483,1
ID58484,1
ID58485,1
ID58486,1
ID58487,1
ID58488,1
ID58489,1
ID58490,1
ID58491,1
ID58492,1
ID58493,1
ID58494,1
ID58495,1
ID58496,1
ID58497,1
ID58498,1
ID58499,1
ID58500,1
ID58501,1
ID58502,1
ID58503,1
ID58504,1
ID58505,1
ID58506,1
ID58507,1
ID58508,1
ID58509,1
ID58510,1
ID58511,1
ID58512,1
ID58513,1
ID58514,1
ID58515,1
ID58516,1
ID58517,1
ID58518,1
ID58519,1
ID58520,1
ID58521,1
ID58522,1
ID58523,1
ID58524,1
ID58525,1
ID58526,1
ID58527,1
ID58528,1
ID58529,1
ID58530,1
ID58531,1
ID58532,1
ID58533,1
ID58534,1
ID58535,1
ID58536,1
ID58537,1
ID58538,1
ID58539,1
ID58540,1
ID58541,1
ID58542,1
ID58543,1
ID58544,1
ID58545,1
ID58546,1
ID58547,1
ID58548,1
ID58549,1
ID58550,1
ID58551,1
ID58552,1
ID58553,1
ID58554,1
ID58555,1
ID58556,1
ID58557,1
ID58558,1
ID58559,1
ID58560,1
ID58561,1
ID58562,1
ID58563,1
ID58564,1
ID58565,1
ID58566,1
ID58567,1
ID58568,1
ID58569,1
ID58570,1
ID58571,1
ID58572,1
ID58573,1
ID58574,1
ID58575,1
ID58576,1
ID58577,1
ID58578,1
ID58579,1
ID58580,1
ID58581,1
ID58582,1
ID58583,1
ID58584,1
ID58585,1
ID58586,1
ID58587,1
ID58588,1
ID58589,1
ID58590,1
ID58591,1
ID58592,1